"id","code_prefix_start","parent_id/id","name","chart_template_id/id"
"hr_group_0","0",,"POTRAŽIVANJA ZA UPISANI KAPITAL I DUGOTRAJNA IMOVINA","l10n_hr_coa_rrif_2022.l10n_hr_coa_rrif_2022"
"hr_group_00","00","hr_group_0","POTRAŽIVANJA ZA UPISANI A NEUPLAĆENI KAPITAL","l10n_hr_coa_rrif_2022.l10n_hr_coa_rrif_2022"
"hr_group_000","000","hr_group_00","Potraživanja za upisani a neuplaćeni dionički kapital (analitika po upisnicima)","l10n_hr_coa_rrif_2022.l10n_hr_coa_rrif_2022"
"hr_group_001","001","hr_group_00","Potraživanja iz ponovljene emisije dionica za upisane a neuplaćene svote kapitala (razrada po emisijama dionica)","l10n_hr_coa_rrif_2022.l10n_hr_coa_rrif_2022"
"hr_group_002","002","hr_group_00","Potraživanja za upisani a neuplaćeni kapital u d.o.o. (analitika po članovima društva)","l10n_hr_coa_rrif_2022.l10n_hr_coa_rrif_2022"
"hr_group_003","003","hr_group_00","Potraživanja za temeljni ulog komanditora","l10n_hr_coa_rrif_2022.l10n_hr_coa_rrif_2022"
"hr_group_004","004","hr_group_00","Potraživanje za ostale uloge u kapital","l10n_hr_coa_rrif_2022.l10n_hr_coa_rrif_2022"
"hr_group_01","01","hr_group_0","NEMATERIJALNA IMOVINA","l10n_hr_coa_rrif_2022.l10n_hr_coa_rrif_2022"
"hr_group_010","010","hr_group_01","Izdatci za razvoj","l10n_hr_coa_rrif_2022.l10n_hr_coa_rrif_2022"
"hr_group_011","011","hr_group_01","Koncesije, patenti, licencije, robne i uslužne marke","l10n_hr_coa_rrif_2022.l10n_hr_coa_rrif_2022"
"hr_group_012","012","hr_group_01","Softver i ostala prava","l10n_hr_coa_rrif_2022.l10n_hr_coa_rrif_2022"
"hr_group_013","013","hr_group_01","Goodwill","l10n_hr_coa_rrif_2022.l10n_hr_coa_rrif_2022"
"hr_group_014","014","hr_group_01","Ostala nematerijalna imovina","l10n_hr_coa_rrif_2022.l10n_hr_coa_rrif_2022"
"hr_group_015","015","hr_group_01","Predujmovi za nabavu nematerijalne imovine","l10n_hr_coa_rrif_2022.l10n_hr_coa_rrif_2022"
"hr_group_016","016","hr_group_01","Kriptovalute","l10n_hr_coa_rrif_2022.l10n_hr_coa_rrif_2022"
"hr_group_017","017","hr_group_01","Nematerijalna imovina u pripremi (analitika prema vrsti računa skupine 01)","l10n_hr_coa_rrif_2022.l10n_hr_coa_rrif_2022"
"hr_group_018","018","hr_group_01","Vrijednosno usklađenje nematerijalne imovine (analitika prema vrsti računa skupine 01)","l10n_hr_coa_rrif_2022.l10n_hr_coa_rrif_2022"
"hr_group_019","019","hr_group_01","Akumulirana amortizacija nematerijalne imovine","l10n_hr_coa_rrif_2022.l10n_hr_coa_rrif_2022"
"hr_group_02","02","hr_group_0","MATERIJALNA IMOVINA - NEKRETNINE","l10n_hr_coa_rrif_2022.l10n_hr_coa_rrif_2022"
"hr_group_020","020","hr_group_02","Zemljišta","l10n_hr_coa_rrif_2022.l10n_hr_coa_rrif_2022"
"hr_group_021","021","hr_group_02","Zemljišna prava (višegodišnja)","l10n_hr_coa_rrif_2022.l10n_hr_coa_rrif_2022"
"hr_group_023","023","hr_group_02","Građevinski objekti (za vlastite potrebe)","l10n_hr_coa_rrif_2022.l10n_hr_coa_rrif_2022"
"hr_group_024","024","hr_group_02","Stanovi za vlastite zaposlenike","l10n_hr_coa_rrif_2022.l10n_hr_coa_rrif_2022"
"hr_group_026","026","hr_group_02","Predujmovi za nabavu nekretnina","l10n_hr_coa_rrif_2022.l10n_hr_coa_rrif_2022"
"hr_group_027","027","hr_group_02","Nekretnine u pripremi","l10n_hr_coa_rrif_2022.l10n_hr_coa_rrif_2022"
"hr_group_028","028","hr_group_02","Vrijednosno usklađenje nekretnina","l10n_hr_coa_rrif_2022.l10n_hr_coa_rrif_2022"
"hr_group_029","029","hr_group_02","Akumulirana amortizacija građevina","l10n_hr_coa_rrif_2022.l10n_hr_coa_rrif_2022"
"hr_group_03","03","hr_group_0","POSTROJENJA, OPREMA, ALATI, INVENTAR I TRANSPORTNA SREDSTVA","l10n_hr_coa_rrif_2022.l10n_hr_coa_rrif_2022"
"hr_group_030","030","hr_group_03","Postrojenja","l10n_hr_coa_rrif_2022.l10n_hr_coa_rrif_2022"
"hr_group_031","031","hr_group_03","Oprema","l10n_hr_coa_rrif_2022.l10n_hr_coa_rrif_2022"
"hr_group_032","032","hr_group_03","Alati, pogonski inventar i transportna imovina","l10n_hr_coa_rrif_2022.l10n_hr_coa_rrif_2022"
"hr_group_033","033","hr_group_03","Pretporez koji se ne može odbiti (kao dio vrijednosti osobnih automobila za nabave od 1.1. 2018.)","l10n_hr_coa_rrif_2022.l10n_hr_coa_rrif_2022"
"hr_group_034","034","hr_group_03","Poljoprivredna oprema i mehanizacija","l10n_hr_coa_rrif_2022.l10n_hr_coa_rrif_2022"
"hr_group_035","035","hr_group_03","Ostala materijalna imovina","l10n_hr_coa_rrif_2022.l10n_hr_coa_rrif_2022"
"hr_group_036","036","hr_group_03","Predujmovi za materijalnu imovinu","l10n_hr_coa_rrif_2022.l10n_hr_coa_rrif_2022"
"hr_group_037","037","hr_group_03","Materijalna imovina u pripremi","l10n_hr_coa_rrif_2022.l10n_hr_coa_rrif_2022"
"hr_group_038","038","hr_group_03","Vrijednosno usklađenje postrojenja i opreme","l10n_hr_coa_rrif_2022.l10n_hr_coa_rrif_2022"
"hr_group_039","039","hr_group_03","Akumulirana amortizacija postrojenja i opreme","l10n_hr_coa_rrif_2022.l10n_hr_coa_rrif_2022"
"hr_group_04","04","hr_group_0","BIOLOŠKA IMOVINA","l10n_hr_coa_rrif_2022.l10n_hr_coa_rrif_2022"
"hr_group_040","040","hr_group_04","Biološka imovina - bilje - višegodišnji nasadi","l10n_hr_coa_rrif_2022.l10n_hr_coa_rrif_2022"
"hr_group_041","041","hr_group_04","Biološka imovina - životinje - osnovno stado","l10n_hr_coa_rrif_2022.l10n_hr_coa_rrif_2022"
"hr_group_046","046","hr_group_04","Predujmovi za biološku imovinu","l10n_hr_coa_rrif_2022.l10n_hr_coa_rrif_2022"
"hr_group_047","047","hr_group_04","Biološka imovina u pripremi","l10n_hr_coa_rrif_2022.l10n_hr_coa_rrif_2022"
"hr_group_048","048","hr_group_04","Vrijednosno usklađenje biološke imovine","l10n_hr_coa_rrif_2022.l10n_hr_coa_rrif_2022"
"hr_group_049","049","hr_group_04","Akumulirana amortizacija biološke imovine","l10n_hr_coa_rrif_2022.l10n_hr_coa_rrif_2022"
"hr_group_05","05","hr_group_0","ULAGANJA U NEKRETNINE","l10n_hr_coa_rrif_2022.l10n_hr_coa_rrif_2022"
"hr_group_050","050","hr_group_05","Ulaganja u nekretnine - zemljišta","l10n_hr_coa_rrif_2022.l10n_hr_coa_rrif_2022"
"hr_group_051","051","hr_group_05","Ulaganja u nekretnine - građevine","l10n_hr_coa_rrif_2022.l10n_hr_coa_rrif_2022"
"hr_group_056","056","hr_group_05","Predujmovi za ulaganja u nekretnine","l10n_hr_coa_rrif_2022.l10n_hr_coa_rrif_2022"
"hr_group_057","057","hr_group_05","Ulaganja u nekretnine u pripremi","l10n_hr_coa_rrif_2022.l10n_hr_coa_rrif_2022"
"hr_group_058","058","hr_group_05","Vrijednosno usklađenje ulaganja u nekretnine","l10n_hr_coa_rrif_2022.l10n_hr_coa_rrif_2022"
"hr_group_059","059","hr_group_05","Akumulirana amortizacija ulaganja u građevine","l10n_hr_coa_rrif_2022.l10n_hr_coa_rrif_2022"
"hr_group_06","06","hr_group_0","DUGOTRAJNA FINANCIJSKA IMOVINA (s povratom dužim od jedne godine)","l10n_hr_coa_rrif_2022.l10n_hr_coa_rrif_2022"
"hr_group_060","060","hr_group_06","Ulaganja u udjele (dionice) i ostale vrijednosne papire poduzetnika unutar grupe","l10n_hr_coa_rrif_2022.l10n_hr_coa_rrif_2022"
"hr_group_061","061","hr_group_06","Dani zajmovi, depoziti i slično poduzetnicima unutar grupe","l10n_hr_coa_rrif_2022.l10n_hr_coa_rrif_2022"
"hr_group_062","062","hr_group_06","Ulaganja u udjele (dionice) i ostale vrijednosne papire društava povezanih sudjelujućim interesom","l10n_hr_coa_rrif_2022.l10n_hr_coa_rrif_2022"
"hr_group_063","063","hr_group_06","Dani zajmovi, depoziti i slično društvima povezanim sudjelujućim interesom","l10n_hr_coa_rrif_2022.l10n_hr_coa_rrif_2022"
"hr_group_064","064","hr_group_06","Ulaganja u vrijednosne papire (dugotrajne)","l10n_hr_coa_rrif_2022.l10n_hr_coa_rrif_2022"
"hr_group_065","065","hr_group_06","Dani zajmovi, depoziti i sl.","l10n_hr_coa_rrif_2022.l10n_hr_coa_rrif_2022"
"hr_group_066","066","hr_group_06","Ulaganja koja se obračunavaju metodom udjela","l10n_hr_coa_rrif_2022.l10n_hr_coa_rrif_2022"
"hr_group_067","067","hr_group_06","Ostala dugotrajna financijska imovina","l10n_hr_coa_rrif_2022.l10n_hr_coa_rrif_2022"
"hr_group_068","068","hr_group_06","Vrijednosno usklađenje financijske imovine - dugotrajne (analitika prema oblicima imovine)","l10n_hr_coa_rrif_2022.l10n_hr_coa_rrif_2022"
"hr_group_069","069","hr_group_06","Nezarađene kamate u kreditima i sl.","l10n_hr_coa_rrif_2022.l10n_hr_coa_rrif_2022"
"hr_group_07","07","hr_group_0","POTRAŽIVANJA (dulja od jedne godine)","l10n_hr_coa_rrif_2022.l10n_hr_coa_rrif_2022"
"hr_group_070","070","hr_group_07","Potraživanja od poduzetnika unutar grupe","l10n_hr_coa_rrif_2022.l10n_hr_coa_rrif_2022"
"hr_group_071","071","hr_group_07","Potraživanja od društava povezanih sudjelujućim interesom","l10n_hr_coa_rrif_2022.l10n_hr_coa_rrif_2022"
"hr_group_072","072","hr_group_07","Potraživanja od kupaca - dugotrajna","l10n_hr_coa_rrif_2022.l10n_hr_coa_rrif_2022"
"hr_group_073","073","hr_group_07","Potraživanja iz faktoringa","l10n_hr_coa_rrif_2022.l10n_hr_coa_rrif_2022"
"hr_group_074","074","hr_group_07","Potraživanja za jamčevine","l10n_hr_coa_rrif_2022.l10n_hr_coa_rrif_2022"
"hr_group_075","075","hr_group_07","Potraživanja u sporu i rizična potraživanja","l10n_hr_coa_rrif_2022.l10n_hr_coa_rrif_2022"
"hr_group_076","076","hr_group_07","Potraživanja za predujmove za usluge","l10n_hr_coa_rrif_2022.l10n_hr_coa_rrif_2022"
"hr_group_077","077","hr_group_07","Ostala potraživanja - dugotrajna","l10n_hr_coa_rrif_2022.l10n_hr_coa_rrif_2022"
"hr_group_078","078","hr_group_07","Vrijednosno usklađivanje dugotrajnih potraživanja","l10n_hr_coa_rrif_2022.l10n_hr_coa_rrif_2022"
"hr_group_079","079","hr_group_07","Potraživanja za nezarađenu kamatu","l10n_hr_coa_rrif_2022.l10n_hr_coa_rrif_2022"
"hr_group_08","08","hr_group_0","ODGOĐENA POREZNA IMOVINA","l10n_hr_coa_rrif_2022.l10n_hr_coa_rrif_2022"
"hr_group_080","080","hr_group_08","Odgođena privremena razlika poreza na dobitak (analitika po godinama)","l10n_hr_coa_rrif_2022.l10n_hr_coa_rrif_2022"
"hr_group_081","081","hr_group_08","Ostala odgođena porezna imovina","l10n_hr_coa_rrif_2022.l10n_hr_coa_rrif_2022"
"hr_group_1","1",,"NOVAC, KRATKOTRAJNA FINANCIJSKA IMOVINA, KRATKOTRAJNA POTRAŽIVANJA, TROŠKOVI I PRIHOD BUDUĆEG RAZDOBLJA","l10n_hr_coa_rrif_2022.l10n_hr_coa_rrif_2022"
"hr_group_10","10","hr_group_1","NOVAC U BANKAMA I BLAGAJNAMA","l10n_hr_coa_rrif_2022.l10n_hr_coa_rrif_2022"
"hr_group_100","100","hr_group_10","Transakcijski računi u bankama","l10n_hr_coa_rrif_2022.l10n_hr_coa_rrif_2022"
"hr_group_101","101","hr_group_10","Otvoreni akreditiv u domaćoj banci","l10n_hr_coa_rrif_2022.l10n_hr_coa_rrif_2022"
"hr_group_102","102","hr_group_10","Blagajne","l10n_hr_coa_rrif_2022.l10n_hr_coa_rrif_2022"
"hr_group_103","103","hr_group_10","Devizni računi","l10n_hr_coa_rrif_2022.l10n_hr_coa_rrif_2022"
"hr_group_104","104","hr_group_10","Otvoreni akreditiv u stranim valutama","l10n_hr_coa_rrif_2022.l10n_hr_coa_rrif_2022"
"hr_group_105","105","hr_group_10","Devizna blagajna","l10n_hr_coa_rrif_2022.l10n_hr_coa_rrif_2022"
"hr_group_106","106","hr_group_10","Novac za kupnju deviza","l10n_hr_coa_rrif_2022.l10n_hr_coa_rrif_2022"
"hr_group_108","108","hr_group_10","Ostala novčana sredstva","l10n_hr_coa_rrif_2022.l10n_hr_coa_rrif_2022"
"hr_group_109","109","hr_group_10","Vrijednosno usklađenje depozita u bankama","l10n_hr_coa_rrif_2022.l10n_hr_coa_rrif_2022"
"hr_group_11","11","hr_group_1","KRATKOTRAJNA FINANCIJSKA IMOVINA (do jedne godine)","l10n_hr_coa_rrif_2022.l10n_hr_coa_rrif_2022"
"hr_group_110","110","hr_group_11","Ulaganja u udjele (dionice) i ostale vrijednosne papire poduzetnika unutar grupe","l10n_hr_coa_rrif_2022.l10n_hr_coa_rrif_2022"
"hr_group_111","111","hr_group_11","Dani zajmovi, depoziti i slično poduzetnicima unutar grupe","l10n_hr_coa_rrif_2022.l10n_hr_coa_rrif_2022"
"hr_group_112","112","hr_group_11","Ulaganja u udjele (dionice) i ostale vrijednosne papire društava povezanih sudjelujućim interesom","l10n_hr_coa_rrif_2022.l10n_hr_coa_rrif_2022"
"hr_group_113","113","hr_group_11","Dani zajmovi, depoziti i slično društvima povezanim sudjelujućim interesom","l10n_hr_coa_rrif_2022.l10n_hr_coa_rrif_2022"
"hr_group_114","114","hr_group_11","Ulaganja u vrijednosne papire","l10n_hr_coa_rrif_2022.l10n_hr_coa_rrif_2022"
"hr_group_115","115","hr_group_11","Dani zajmovi, depoziti i sl.","l10n_hr_coa_rrif_2022.l10n_hr_coa_rrif_2022"
"hr_group_116","116","hr_group_11","Potraživanja iz ulaganja u investicijske fondove","l10n_hr_coa_rrif_2022.l10n_hr_coa_rrif_2022"
"hr_group_117","117","hr_group_11","Ostala financijska imovina","l10n_hr_coa_rrif_2022.l10n_hr_coa_rrif_2022"
"hr_group_118","118","hr_group_11","Potraživanja u sporu (npr. utužena, u predstečaju ili u stečaju i sl. iz fin. imovine)","l10n_hr_coa_rrif_2022.l10n_hr_coa_rrif_2022"
"hr_group_119","119","hr_group_11","Vrijednosno usklađivanje financijske imovine - kratkotrajne (analitika po otpisima iz ove skupine računa)","l10n_hr_coa_rrif_2022.l10n_hr_coa_rrif_2022"
"hr_group_12","12","hr_group_1","POTRAŽIVANJA (kratkotrajna)","l10n_hr_coa_rrif_2022.l10n_hr_coa_rrif_2022"
"hr_group_120","120","hr_group_12","Potraživanja od kupaca","l10n_hr_coa_rrif_2022.l10n_hr_coa_rrif_2022"
"hr_group_121","121","hr_group_12","Kupci iz EU i iz trećih zemalja","l10n_hr_coa_rrif_2022.l10n_hr_coa_rrif_2022"
"hr_group_122","122","hr_group_12","Potraživanja od poduzetnika unutar grupe","l10n_hr_coa_rrif_2022.l10n_hr_coa_rrif_2022"
"hr_group_123","123","hr_group_12","Potraživanja od društava povezanih sudjelujućim interesom","l10n_hr_coa_rrif_2022.l10n_hr_coa_rrif_2022"
"hr_group_124","124","hr_group_12","Potraživanja za kamate","l10n_hr_coa_rrif_2022.l10n_hr_coa_rrif_2022"
"hr_group_125","125","hr_group_12","Potraživanja za predujmove za usluge (koje nisu u svezi sa zalihama i dugotr. imov.)","l10n_hr_coa_rrif_2022.l10n_hr_coa_rrif_2022"
"hr_group_126","126","hr_group_12","Potraživanja iz vanjskotrgovačkog poslovanja (s osnove uvoza odnosno izvoza za tuđi račun)","l10n_hr_coa_rrif_2022.l10n_hr_coa_rrif_2022"
"hr_group_127","127","hr_group_12","Potraživanja s osnove ostalih aktivnosti","l10n_hr_coa_rrif_2022.l10n_hr_coa_rrif_2022"
"hr_group_128","128","hr_group_12","Ostala kratkoročna potraživanja","l10n_hr_coa_rrif_2022.l10n_hr_coa_rrif_2022"
"hr_group_129","129","hr_group_12","Vrijednosno usklađenje potraživanja","l10n_hr_coa_rrif_2022.l10n_hr_coa_rrif_2022"
"hr_group_13","13","hr_group_1","POTRAŽIVANJA OD ZAPOSLENIH I OSTALA POTRAŽIVANJA (kratkotrajna)","l10n_hr_coa_rrif_2022.l10n_hr_coa_rrif_2022"
"hr_group_130","130","hr_group_13","Potraživanja od zaposlenih","l10n_hr_coa_rrif_2022.l10n_hr_coa_rrif_2022"
"hr_group_131","131","hr_group_13","Potraživanja od vanjskih suradnika","l10n_hr_coa_rrif_2022.l10n_hr_coa_rrif_2022"
"hr_group_133","133","hr_group_13","Potraživanja od članova poduzetnika","l10n_hr_coa_rrif_2022.l10n_hr_coa_rrif_2022"
"hr_group_134","134","hr_group_13","Potraživanja u sporu i rizična potraživanja (iz skupine 12 i 13)","l10n_hr_coa_rrif_2022.l10n_hr_coa_rrif_2022"
"hr_group_135","135","hr_group_13","Potraživanja za sredstva u slobodnoj zoni","l10n_hr_coa_rrif_2022.l10n_hr_coa_rrif_2022"
"hr_group_136","136","hr_group_13","Potraživanja za prodaju na potrošački kredit","l10n_hr_coa_rrif_2022.l10n_hr_coa_rrif_2022"
"hr_group_137","137","hr_group_13","Potraživanja od poslovnih jedinica u inozemstvu","l10n_hr_coa_rrif_2022.l10n_hr_coa_rrif_2022"
"hr_group_138","138","hr_group_13","Ostala poslovna potraživanja","l10n_hr_coa_rrif_2022.l10n_hr_coa_rrif_2022"
"hr_group_139","139","hr_group_13","Vrijednosno usklađenje potraživanja od zaposlenih, članova društva i ostalih potraživanja","l10n_hr_coa_rrif_2022.l10n_hr_coa_rrif_2022"
"hr_group_14","14","hr_group_1","POTRAŽIVANJA OD DRŽAVE ZA POREZE, CARINU I DOPRINOSE","l10n_hr_coa_rrif_2022.l10n_hr_coa_rrif_2022"
"hr_group_140","140","hr_group_14","Porez na dodanu vrijednost","l10n_hr_coa_rrif_2022.l10n_hr_coa_rrif_2022"
"hr_group_141","141","hr_group_14","Potraživanja za porez i prirez na dohodak iz plaća i drugih primanja","l10n_hr_coa_rrif_2022.l10n_hr_coa_rrif_2022"
"hr_group_142","142","hr_group_14","Potraživanja za više plaćene doprinose iz plaća i na plaće","l10n_hr_coa_rrif_2022.l10n_hr_coa_rrif_2022"
"hr_group_143","143","hr_group_14","Potraživanja za porez na dobitak i po odbitku","l10n_hr_coa_rrif_2022.l10n_hr_coa_rrif_2022"
"hr_group_144","144","hr_group_14","Potraživanja za posebne poreze, trošarine i druge poreze od države","l10n_hr_coa_rrif_2022.l10n_hr_coa_rrif_2022"
"hr_group_145","145","hr_group_14","Potraživanja za plaćenu ili više plaćenu članarinu TZ","l10n_hr_coa_rrif_2022.l10n_hr_coa_rrif_2022"
"hr_group_146","146","hr_group_14","Potraživanja za članarine komori (HGK ili HOK i dr.)","l10n_hr_coa_rrif_2022.l10n_hr_coa_rrif_2022"
"hr_group_147","147","hr_group_14","Potraživanja za carinu i više plaćene carinske pristojbe","l10n_hr_coa_rrif_2022.l10n_hr_coa_rrif_2022"
"hr_group_148","148","hr_group_14","Potraživanja za županijski i općinski (gradski) porez","l10n_hr_coa_rrif_2022.l10n_hr_coa_rrif_2022"
"hr_group_149","149","hr_group_14","Potraživanja za ostale nespomenute poreze, doprinose, takse i pristojbe","l10n_hr_coa_rrif_2022.l10n_hr_coa_rrif_2022"
"hr_group_15","15","hr_group_1","OSTALA POTRAŽIVANJA OD DRŽAVNIH I DRUGIH INSTITUCIJA","l10n_hr_coa_rrif_2022.l10n_hr_coa_rrif_2022"
"hr_group_150","150","hr_group_15","Potraživanje za nadoknade bolovanja od HZZO","l10n_hr_coa_rrif_2022.l10n_hr_coa_rrif_2022"
"hr_group_151","151","hr_group_15","Potraživanja od mirovinskog osiguranja","l10n_hr_coa_rrif_2022.l10n_hr_coa_rrif_2022"
"hr_group_152","152","hr_group_15","Potraživanja od lokalne samouprave","l10n_hr_coa_rrif_2022.l10n_hr_coa_rrif_2022"
"hr_group_153","153","hr_group_15","Potraživanje za regrese, premije, stimulac. i držav. potpore","l10n_hr_coa_rrif_2022.l10n_hr_coa_rrif_2022"
"hr_group_154","154","hr_group_15","Potraživanje od Fonda za otkupljenu ambalažu","l10n_hr_coa_rrif_2022.l10n_hr_coa_rrif_2022"
"hr_group_155","155","hr_group_15","Ostala potraživanja od državnih institucija","l10n_hr_coa_rrif_2022.l10n_hr_coa_rrif_2022"
"hr_group_156","156","hr_group_15","Potraživanja za više plaćenu naknadu s temelja invaliditeta","l10n_hr_coa_rrif_2022.l10n_hr_coa_rrif_2022"
"hr_group_159","159","hr_group_15","Vrijednosno usklađenje potraživanja od države i drugih institucija","l10n_hr_coa_rrif_2022.l10n_hr_coa_rrif_2022"
"hr_group_19","19","hr_group_1","PLAĆENI TROŠKOVI BUDUĆEG RAZDOBLJA I OBRAČUNANI BUDUĆI PRIHODI","l10n_hr_coa_rrif_2022.l10n_hr_coa_rrif_2022"
"hr_group_190","190","hr_group_19","Unaprijed plaćeni troškovi","l10n_hr_coa_rrif_2022.l10n_hr_coa_rrif_2022"
"hr_group_191","191","hr_group_19","Obračunani prihodi (budućeg razdoblja)","l10n_hr_coa_rrif_2022.l10n_hr_coa_rrif_2022"
"hr_group_192","192","hr_group_19","Unaprijed plaćeni ovisni troškovi nabave (koji nisu na 651)","l10n_hr_coa_rrif_2022.l10n_hr_coa_rrif_2022"
"hr_group_193","193","hr_group_19","Troškovi kamata iz budućeg razdoblja","l10n_hr_coa_rrif_2022.l10n_hr_coa_rrif_2022"
"hr_group_194","194","hr_group_19","Unaprijed plaćeni troškovi koncesija (za razdoblje do 12 mj.)","l10n_hr_coa_rrif_2022.l10n_hr_coa_rrif_2022"
"hr_group_195","195","hr_group_19","Unaprijed plaćene franšize, trgovačko znakovlje, prava i sl. (do 12 mj.)","l10n_hr_coa_rrif_2022.l10n_hr_coa_rrif_2022"
"hr_group_196","196","hr_group_19","Unaprijed plaćene licencije i patenti (do 12 mj.)","l10n_hr_coa_rrif_2022.l10n_hr_coa_rrif_2022"
"hr_group_197","197","hr_group_19","Derivativ - instrument zaštite","l10n_hr_coa_rrif_2022.l10n_hr_coa_rrif_2022"
"hr_group_199","199","hr_group_19","Ostali plaćeni troškovi budućeg razdoblja","l10n_hr_coa_rrif_2022.l10n_hr_coa_rrif_2022"
"hr_group_2","2",,"KRATKOROČNE I DUGOROČNE OBVEZE, DUGOROČNA REZERVIRANJA, ODGOĐENO PLAĆANJE I PRIHODI BUDUĆEG RAZDOBLJA","l10n_hr_coa_rrif_2022.l10n_hr_coa_rrif_2022"
"hr_group_20","20","hr_group_2","KRATKOROČNE OBVEZE PREMA PODUZETNICIMA UNUTAR GRUPE I S OSNOVE UDJELA U REZULTATU (do jedne godine)","l10n_hr_coa_rrif_2022.l10n_hr_coa_rrif_2022"
"hr_group_200","200","hr_group_20","Obveze prema poduzetnicima unutar grupe","l10n_hr_coa_rrif_2022.l10n_hr_coa_rrif_2022"
"hr_group_201","201","hr_group_20","Obveze s osnove udjela u rezultatu","l10n_hr_coa_rrif_2022.l10n_hr_coa_rrif_2022"
"hr_group_21","21","hr_group_2","KRATKOROČNE FINANCIJSKE OBVEZE","l10n_hr_coa_rrif_2022.l10n_hr_coa_rrif_2022"
"hr_group_210","210","hr_group_21","Obveze za izdane čekove","l10n_hr_coa_rrif_2022.l10n_hr_coa_rrif_2022"
"hr_group_211","211","hr_group_21","Obveze za izdane mjenice","l10n_hr_coa_rrif_2022.l10n_hr_coa_rrif_2022"
"hr_group_212","212","hr_group_21","Obveze po izdanim vrijednosnim papirima","l10n_hr_coa_rrif_2022.l10n_hr_coa_rrif_2022"
"hr_group_213","213","hr_group_21","Obveze prema društvima povezanim sudjelujućim interesom","l10n_hr_coa_rrif_2022.l10n_hr_coa_rrif_2022"
"hr_group_214","214","hr_group_21","Obveze s osnove zajmova, depozita i sl.","l10n_hr_coa_rrif_2022.l10n_hr_coa_rrif_2022"
"hr_group_215","215","hr_group_21","Obveze prema bankama i drugim financijskim institucijama","l10n_hr_coa_rrif_2022.l10n_hr_coa_rrif_2022"
"hr_group_216","216","hr_group_21","Obveze prema izdavateljima kreditnih kartica (analitika prema kartičarima)","l10n_hr_coa_rrif_2022.l10n_hr_coa_rrif_2022"
"hr_group_217","217","hr_group_21","Obveze iz eskontnih poslova","l10n_hr_coa_rrif_2022.l10n_hr_coa_rrif_2022"
"hr_group_218","218","hr_group_21","Obveze s osnove dugotrajne imovine namijenjene prodaji (analitika prema izvorima)","l10n_hr_coa_rrif_2022.l10n_hr_coa_rrif_2022"
"hr_group_22","22","hr_group_2","OBVEZE PREMA DOBAVLJAČIMA, ZA PREDUJMOVE I OSTALE OBVEZE","l10n_hr_coa_rrif_2022.l10n_hr_coa_rrif_2022"
"hr_group_220","220","hr_group_22","Obveze prema dobavljačima u zemlji (analitika prema dobavljačima)","l10n_hr_coa_rrif_2022.l10n_hr_coa_rrif_2022"
"hr_group_221","221","hr_group_22","Dobavljači iz EU i inozemstva (analitika prema dobavljačima)","l10n_hr_coa_rrif_2022.l10n_hr_coa_rrif_2022"
"hr_group_222","222","hr_group_22","Dobavljači fizičke osobe","l10n_hr_coa_rrif_2022.l10n_hr_coa_rrif_2022"
"hr_group_223","223","hr_group_22","Dobavljači komunalnih usluga","l10n_hr_coa_rrif_2022.l10n_hr_coa_rrif_2022"
"hr_group_224","224","hr_group_22","Obveze za nefakturirane a preuzete isporuke robe i usluge","l10n_hr_coa_rrif_2022.l10n_hr_coa_rrif_2022"
"hr_group_225","225","hr_group_22","Obveze za predujmove","l10n_hr_coa_rrif_2022.l10n_hr_coa_rrif_2022"
"hr_group_23","23","hr_group_2","OBVEZE PREMA ZAPOSLENIMA I OSTALE OBVEZE","l10n_hr_coa_rrif_2022.l10n_hr_coa_rrif_2022"
"hr_group_230","230","hr_group_23","Obveze prema zaposlenicima","l10n_hr_coa_rrif_2022.l10n_hr_coa_rrif_2022"
"hr_group_231","231","hr_group_23","Kratkoročne obveze iz nabava i potpora","l10n_hr_coa_rrif_2022.l10n_hr_coa_rrif_2022"
"hr_group_232","232","hr_group_23","Obveze za kamate (analitika prema dužnicima i vrstama obveza prema nepovezanim društvima)","l10n_hr_coa_rrif_2022.l10n_hr_coa_rrif_2022"
"hr_group_233","233","hr_group_23","Obveze po obračunu prodanih dobara primljenih u komisiju ili konsignaciju","l10n_hr_coa_rrif_2022.l10n_hr_coa_rrif_2022"
"hr_group_234","234","hr_group_23","Obveze prema osiguravajućim društvima","l10n_hr_coa_rrif_2022.l10n_hr_coa_rrif_2022"
"hr_group_235","235","hr_group_23","Obveze iz poslovanja u slobodnoj zoni","l10n_hr_coa_rrif_2022.l10n_hr_coa_rrif_2022"
"hr_group_237","237","hr_group_23","Obveze prema poslovnim jedinicama u inozemstvu","l10n_hr_coa_rrif_2022.l10n_hr_coa_rrif_2022"
"hr_group_238","238","hr_group_23","Obveze iz stjecanja udjela","l10n_hr_coa_rrif_2022.l10n_hr_coa_rrif_2022"
"hr_group_239","239","hr_group_23","Ostale kratkoročne obveze","l10n_hr_coa_rrif_2022.l10n_hr_coa_rrif_2022"
"hr_group_24","24","hr_group_2","KRATKOROČNE OBVEZE ZA POREZE, DOPRINOSE I SLIČNA DAVANJA","l10n_hr_coa_rrif_2022.l10n_hr_coa_rrif_2022"
"hr_group_240","240","hr_group_24","Obveze za porez na dodanu vrijednost","l10n_hr_coa_rrif_2022.l10n_hr_coa_rrif_2022"
"hr_group_241","241","hr_group_24","Obveze za porez i prirez na dohodak","l10n_hr_coa_rrif_2022.l10n_hr_coa_rrif_2022"
"hr_group_242","242","hr_group_24","Obveze za doprinose za osiguranja","l10n_hr_coa_rrif_2022.l10n_hr_coa_rrif_2022"
"hr_group_243","243","hr_group_24","Obveze za porez na dobitak, dohodak od kapitala i porez po odbitku","l10n_hr_coa_rrif_2022.l10n_hr_coa_rrif_2022"
"hr_group_244","244","hr_group_24","Obveze za posebne poreze, trošarine i druge poreze prema državi","l10n_hr_coa_rrif_2022.l10n_hr_coa_rrif_2022"
"hr_group_245","245","hr_group_24","Obveze za članarinu turističkim zajednicama","l10n_hr_coa_rrif_2022.l10n_hr_coa_rrif_2022"
"hr_group_246","246","hr_group_24","Obveze za članarinu komori","l10n_hr_coa_rrif_2022.l10n_hr_coa_rrif_2022"
"hr_group_247","247","hr_group_24","Obveze za carinu i carinske pristojbe","l10n_hr_coa_rrif_2022.l10n_hr_coa_rrif_2022"
"hr_group_248","248","hr_group_24","Obveze za lokalne poreze i druga davanja","l10n_hr_coa_rrif_2022.l10n_hr_coa_rrif_2022"
"hr_group_249","249","hr_group_24","Ostale obveze javnih davanja","l10n_hr_coa_rrif_2022.l10n_hr_coa_rrif_2022"
"hr_group_25","25","hr_group_2","DUGOROČNE OBVEZE (za duže od jedne godine)","l10n_hr_coa_rrif_2022.l10n_hr_coa_rrif_2022"
"hr_group_250","250","hr_group_25","Obveze prema poduzetnicima unutar grupe","l10n_hr_coa_rrif_2022.l10n_hr_coa_rrif_2022"
"hr_group_251","251","hr_group_25","Obveze za zajmove, depozite i sl.","l10n_hr_coa_rrif_2022.l10n_hr_coa_rrif_2022"
"hr_group_252","252","hr_group_25","Obveze prema bankama i dr. financijskim institucijama","l10n_hr_coa_rrif_2022.l10n_hr_coa_rrif_2022"
"hr_group_253","253","hr_group_25","Dugoročne obveze iz financijskog i operativnog lizinga","l10n_hr_coa_rrif_2022.l10n_hr_coa_rrif_2022"
"hr_group_254","254","hr_group_25","Obveze za predujmove","l10n_hr_coa_rrif_2022.l10n_hr_coa_rrif_2022"
"hr_group_255","255","hr_group_25","Obveze prema dobavljačima (neisplaćene dugoročne obveze prema vjerovnicima s osnove poslovanja)","l10n_hr_coa_rrif_2022.l10n_hr_coa_rrif_2022"
"hr_group_256","256","hr_group_25","Obveze po vrijednosnim papirima (dugoročnim)","l10n_hr_coa_rrif_2022.l10n_hr_coa_rrif_2022"
"hr_group_257","257","hr_group_25","Obveze prema društvima povezanim sudjelujućim interesom","l10n_hr_coa_rrif_2022.l10n_hr_coa_rrif_2022"
"hr_group_258","258","hr_group_25","Obveze prema Državi (realizirana jamstva, krediti, plaćene koncesije)","l10n_hr_coa_rrif_2022.l10n_hr_coa_rrif_2022"
"hr_group_259","259","hr_group_25","Ostale dugoročne obveze","l10n_hr_coa_rrif_2022.l10n_hr_coa_rrif_2022"
"hr_group_26","26","hr_group_2","ODGOĐENI POREZI","l10n_hr_coa_rrif_2022.l10n_hr_coa_rrif_2022"
"hr_group_260","260","hr_group_26","Odgođena porezna obveza","l10n_hr_coa_rrif_2022.l10n_hr_coa_rrif_2022"
"hr_group_28","28","hr_group_2","DUGOROČNA REZERVIRANJA ZA RIZIKE I TROŠKOVE","l10n_hr_coa_rrif_2022.l10n_hr_coa_rrif_2022"
"hr_group_280","280","hr_group_28","Rezerviranja za otpremnine i mirovine","l10n_hr_coa_rrif_2022.l10n_hr_coa_rrif_2022"
"hr_group_281","281","hr_group_28","Rezerviranja za porezne obveze","l10n_hr_coa_rrif_2022.l10n_hr_coa_rrif_2022"
"hr_group_282","282","hr_group_28","Rezerviranja za započete sudske sporove","l10n_hr_coa_rrif_2022.l10n_hr_coa_rrif_2022"
"hr_group_283","283","hr_group_28","Rezerviranja za troškove obnavljanja prirodnih bogatstava","l10n_hr_coa_rrif_2022.l10n_hr_coa_rrif_2022"
"hr_group_284","284","hr_group_28","Rezerviranja za troškove u jamstvenim rokovima","l10n_hr_coa_rrif_2022.l10n_hr_coa_rrif_2022"
"hr_group_285","285","hr_group_28","Druga rezerviranja","l10n_hr_coa_rrif_2022.l10n_hr_coa_rrif_2022"
"hr_group_29","29","hr_group_2","ODGOĐENO PLAĆANJE TROŠKOVA I PRIHOD BUDUĆEG RAZDOBLJA","l10n_hr_coa_rrif_2022.l10n_hr_coa_rrif_2022"
"hr_group_290","290","hr_group_29","Odgođeno plaćanje troškova","l10n_hr_coa_rrif_2022.l10n_hr_coa_rrif_2022"
"hr_group_291","291","hr_group_29","Obračunani troškovi korištenih prava","l10n_hr_coa_rrif_2022.l10n_hr_coa_rrif_2022"
"hr_group_292","292","hr_group_29","Obračunani troškovi nabave dobara","l10n_hr_coa_rrif_2022.l10n_hr_coa_rrif_2022"
"hr_group_293","293","hr_group_29","Obračunani prihodi budućeg razdoblja","l10n_hr_coa_rrif_2022.l10n_hr_coa_rrif_2022"
"hr_group_294","294","hr_group_29","Odgođeni prihodi iz državnih potpora (HSFI t. 15.37 i MRS 20, t. 12. i 24.)","l10n_hr_coa_rrif_2022.l10n_hr_coa_rrif_2022"
"hr_group_295","295","hr_group_29","Odgođeno priznavanje prihoda","l10n_hr_coa_rrif_2022.l10n_hr_coa_rrif_2022"
"hr_group_296","296","hr_group_29","Odgođeni prihod s osnove nefakturiranih isporuka dobara i usluga","l10n_hr_coa_rrif_2022.l10n_hr_coa_rrif_2022"
"hr_group_297","297","hr_group_29","Nerealizirani dobitci iz financijske imovine (HSFI 9 i MSFI 9)","l10n_hr_coa_rrif_2022.l10n_hr_coa_rrif_2022"
"hr_group_298","298","hr_group_29","Odgođeni fakturirani prihod za koji nije nastala isporuka","l10n_hr_coa_rrif_2022.l10n_hr_coa_rrif_2022"
"hr_group_299","299","hr_group_29","Ostala pasivna vremenska razgraničenja","l10n_hr_coa_rrif_2022.l10n_hr_coa_rrif_2022"
"hr_group_3","3",,"ZALIHE SIROVINA I MATERIJALA, REZERVNIH DIJELOVA I SITNOG INVENTARA","l10n_hr_coa_rrif_2022.l10n_hr_coa_rrif_2022"
"hr_group_30","30","hr_group_3","OBRAČUN TROŠKOVA KUPNJE ZALIHA","l10n_hr_coa_rrif_2022.l10n_hr_coa_rrif_2022"
"hr_group_300","300","hr_group_30","Kupovna cijena dobavljača","l10n_hr_coa_rrif_2022.l10n_hr_coa_rrif_2022"
"hr_group_301","301","hr_group_30","Ovisni troškovi nabave (u svezi s dovođenjem na zalihu)","l10n_hr_coa_rrif_2022.l10n_hr_coa_rrif_2022"
"hr_group_302","302","hr_group_30","Carina i druge uvozne pristojbe","l10n_hr_coa_rrif_2022.l10n_hr_coa_rrif_2022"
"hr_group_303","303","hr_group_30","Posebni porezi (trošarine) koji se ne mogu odbiti","l10n_hr_coa_rrif_2022.l10n_hr_coa_rrif_2022"
"hr_group_309","309","hr_group_30","Obračun troškova kupnje","l10n_hr_coa_rrif_2022.l10n_hr_coa_rrif_2022"
"hr_group_31","31","hr_group_3","SIROVINE I MATERIJAL NA ZALIHI","l10n_hr_coa_rrif_2022.l10n_hr_coa_rrif_2022"
"hr_group_310","310","hr_group_31","Sirovine i materijal u skladištu","l10n_hr_coa_rrif_2022.l10n_hr_coa_rrif_2022"
"hr_group_311","311","hr_group_31","Materijal u doradi, obradi i manipulaciji","l10n_hr_coa_rrif_2022.l10n_hr_coa_rrif_2022"
"hr_group_312","312","hr_group_31","Materijal na doradi kod ortaka","l10n_hr_coa_rrif_2022.l10n_hr_coa_rrif_2022"
"hr_group_313","313","hr_group_31","Zalihe materijala za poljoprivredu","l10n_hr_coa_rrif_2022.l10n_hr_coa_rrif_2022"
"hr_group_318","318","hr_group_31","Odstupanje od cijene zaliha","l10n_hr_coa_rrif_2022.l10n_hr_coa_rrif_2022"
"hr_group_319","319","hr_group_31","Vrijednosno usklađenje zaliha sirovina i materijala","l10n_hr_coa_rrif_2022.l10n_hr_coa_rrif_2022"
"hr_group_32","32","hr_group_3","ZALIHE REZERVNIH DIJELOVA","l10n_hr_coa_rrif_2022.l10n_hr_coa_rrif_2022"
"hr_group_320","320","hr_group_32","Rezervni dijelovi na zalihi","l10n_hr_coa_rrif_2022.l10n_hr_coa_rrif_2022"
"hr_group_328","328","hr_group_32","Odstupanje od cijene rez. dijelova na zalihi","l10n_hr_coa_rrif_2022.l10n_hr_coa_rrif_2022"
"hr_group_329","329","hr_group_32","Vrijednosno usklađenje zaliha rezervnih dijelova","l10n_hr_coa_rrif_2022.l10n_hr_coa_rrif_2022"
"hr_group_35","35","hr_group_3","ZALIHE SITNOG INVENTARA I AUTOGUMA","l10n_hr_coa_rrif_2022.l10n_hr_coa_rrif_2022"
"hr_group_350","350","hr_group_35","Sitan inventar na zalihi","l10n_hr_coa_rrif_2022.l10n_hr_coa_rrif_2022"
"hr_group_351","351","hr_group_35","Ambalaža na zalihi (samo vlastita i višekratna, analitika prema vrstama)","l10n_hr_coa_rrif_2022.l10n_hr_coa_rrif_2022"
"hr_group_352","352","hr_group_35","Autogume na zalihi","l10n_hr_coa_rrif_2022.l10n_hr_coa_rrif_2022"
"hr_group_358","358","hr_group_35","Odstupanje od cijene","l10n_hr_coa_rrif_2022.l10n_hr_coa_rrif_2022"
"hr_group_359","359","hr_group_35","Vrijednosno usklađenje zaliha","l10n_hr_coa_rrif_2022.l10n_hr_coa_rrif_2022"
"hr_group_36","36","hr_group_3","ZALIHE SITNOG INVENTARA I AUTOGUMA U UPORABI","l10n_hr_coa_rrif_2022.l10n_hr_coa_rrif_2022"
"hr_group_360","360","hr_group_36","Sitan inventar u uporabi","l10n_hr_coa_rrif_2022.l10n_hr_coa_rrif_2022"
"hr_group_361","361","hr_group_36","Ambalaža u uporabi","l10n_hr_coa_rrif_2022.l10n_hr_coa_rrif_2022"
"hr_group_362","362","hr_group_36","Autogume u uporabi","l10n_hr_coa_rrif_2022.l10n_hr_coa_rrif_2022"
"hr_group_363","363","hr_group_36","Otpis sitnog inventara","l10n_hr_coa_rrif_2022.l10n_hr_coa_rrif_2022"
"hr_group_364","364","hr_group_36","Otpis ambalaže","l10n_hr_coa_rrif_2022.l10n_hr_coa_rrif_2022"
"hr_group_365","365","hr_group_36","Otpis autoguma","l10n_hr_coa_rrif_2022.l10n_hr_coa_rrif_2022"
"hr_group_369","369","hr_group_36","Vrijednosno usklađenje sitnog inventara, ambalaže i autoguma","l10n_hr_coa_rrif_2022.l10n_hr_coa_rrif_2022"
"hr_group_37","37","hr_group_3","PREDUJMOVI DOBAVLJAČIMA SIROVINA I MATERIJALA, REZERVNIH DIJELOVA, SITNOG INVENTARA I AUTOGUMA","l10n_hr_coa_rrif_2022.l10n_hr_coa_rrif_2022"
"hr_group_370","370","hr_group_37","Predujmovi dobavljačima materijala","l10n_hr_coa_rrif_2022.l10n_hr_coa_rrif_2022"
"hr_group_371","371","hr_group_37","Predujmovi dobavljačima rezervnih dijelova","l10n_hr_coa_rrif_2022.l10n_hr_coa_rrif_2022"
"hr_group_372","372","hr_group_37","Predujmovi dobavljačima sitnog inventara","l10n_hr_coa_rrif_2022.l10n_hr_coa_rrif_2022"
"hr_group_373","373","hr_group_37","Predujmovi dani uvozniku za nabavu sirovina i materijala, dijelova i inventara","l10n_hr_coa_rrif_2022.l10n_hr_coa_rrif_2022"
"hr_group_374","374","hr_group_37","Predujmovi inozemnim dobavljačima","l10n_hr_coa_rrif_2022.l10n_hr_coa_rrif_2022"
"hr_group_379","379","hr_group_37","Vrijednosno usklađenje danih predujmova","l10n_hr_coa_rrif_2022.l10n_hr_coa_rrif_2022"
"hr_group_4","4",,"TROŠKOVI PREMA VRSTAMA, FINANCIJSKI I OSTALI RASHODI","l10n_hr_coa_rrif_2022.l10n_hr_coa_rrif_2022"
"hr_group_40","40","hr_group_4","MATERIJALNI TROŠKOVI","l10n_hr_coa_rrif_2022.l10n_hr_coa_rrif_2022"
"hr_group_400","400","hr_group_40","Troškovi sirovina i materijala (za proizvodnju dobara i usluga)","l10n_hr_coa_rrif_2022.l10n_hr_coa_rrif_2022"
"hr_group_401","401","hr_group_40","Materijalni troškovi administracije, uprave i prodaje","l10n_hr_coa_rrif_2022.l10n_hr_coa_rrif_2022"
"hr_group_402","402","hr_group_40","Materijalni troškovi istraživanja i razvoja","l10n_hr_coa_rrif_2022.l10n_hr_coa_rrif_2022"
"hr_group_403","403","hr_group_40","Troškovi ambalaže","l10n_hr_coa_rrif_2022.l10n_hr_coa_rrif_2022"
"hr_group_404","404","hr_group_40","Trošak sitnog inventara, ambalaže i autoguma","l10n_hr_coa_rrif_2022.l10n_hr_coa_rrif_2022"
"hr_group_405","405","hr_group_40","Rezervni dijelovi i materijal za održavanje","l10n_hr_coa_rrif_2022.l10n_hr_coa_rrif_2022"
"hr_group_406","406","hr_group_40","Potrošena energija u proizvodnji dobara i usluga","l10n_hr_coa_rrif_2022.l10n_hr_coa_rrif_2022"
"hr_group_407","407","hr_group_40","Potrošena energija u administraciji, upravi i prodaji","l10n_hr_coa_rrif_2022.l10n_hr_coa_rrif_2022"
"hr_group_408","408","hr_group_40","Troškovi uzoraka","l10n_hr_coa_rrif_2022.l10n_hr_coa_rrif_2022"
"hr_group_409","409","hr_group_40","Odstupanja od standardnog troška","l10n_hr_coa_rrif_2022.l10n_hr_coa_rrif_2022"
"hr_group_41","41","hr_group_4","OSTALI VANJSKI TROŠKOVI (troškovi usluga)","l10n_hr_coa_rrif_2022.l10n_hr_coa_rrif_2022"
"hr_group_410","410","hr_group_41","Troškovi telefona, prijevoza i sl.","l10n_hr_coa_rrif_2022.l10n_hr_coa_rrif_2022"
"hr_group_411","411","hr_group_41","Troškovi vanjskih usluga pri izradi dobara i obavljanju usluga","l10n_hr_coa_rrif_2022.l10n_hr_coa_rrif_2022"
"hr_group_412","412","hr_group_41","Usluge održavanja i zaštite (servisne usluge)","l10n_hr_coa_rrif_2022.l10n_hr_coa_rrif_2022"
"hr_group_413","413","hr_group_41","Usluge registracije prijevoznih sredstava i troškovi dozvola","l10n_hr_coa_rrif_2022.l10n_hr_coa_rrif_2022"
"hr_group_414","414","hr_group_41","Usluge zakupa - lizinga","l10n_hr_coa_rrif_2022.l10n_hr_coa_rrif_2022"
"hr_group_415","415","hr_group_41","Usluge promidžbe, sponzorstva i troškovi sajmova","l10n_hr_coa_rrif_2022.l10n_hr_coa_rrif_2022"
"hr_group_416","416","hr_group_41","Intelektualne i osobne usluge","l10n_hr_coa_rrif_2022.l10n_hr_coa_rrif_2022"
"hr_group_417","417","hr_group_41","Troškovi komunalnih i sličnih usluga","l10n_hr_coa_rrif_2022.l10n_hr_coa_rrif_2022"
"hr_group_418","418","hr_group_41","Usluge reprezentacije - ugošćivanja","l10n_hr_coa_rrif_2022.l10n_hr_coa_rrif_2022"
"hr_group_419","419","hr_group_41","Troškovi ostalih vanjskih usluga","l10n_hr_coa_rrif_2022.l10n_hr_coa_rrif_2022"
"hr_group_42","42","hr_group_4","TROŠKOVI OSOBLJA - PLAĆE","l10n_hr_coa_rrif_2022.l10n_hr_coa_rrif_2022"
"hr_group_420","420","hr_group_42","Neto plaće i nadoknade","l10n_hr_coa_rrif_2022.l10n_hr_coa_rrif_2022"
"hr_group_421","421","hr_group_42","Troškovi poreza i prireza","l10n_hr_coa_rrif_2022.l10n_hr_coa_rrif_2022"
"hr_group_422","422","hr_group_42","Troškovi doprinosa iz plaća","l10n_hr_coa_rrif_2022.l10n_hr_coa_rrif_2022"
"hr_group_423","423","hr_group_42","Doprinosi na plaće","l10n_hr_coa_rrif_2022.l10n_hr_coa_rrif_2022"
"hr_group_424","424","hr_group_42","Bruto plaće","l10n_hr_coa_rrif_2022.l10n_hr_coa_rrif_2022"
"hr_group_43","43","hr_group_4","AMORTIZACIJA","l10n_hr_coa_rrif_2022.l10n_hr_coa_rrif_2022"
"hr_group_430","430","hr_group_43","Amortizacija nematerijalne imovine","l10n_hr_coa_rrif_2022.l10n_hr_coa_rrif_2022"
"hr_group_431","431","hr_group_43","Amortizacija materijalne imovine","l10n_hr_coa_rrif_2022.l10n_hr_coa_rrif_2022"
"hr_group_432","432","hr_group_43","Amortizacija osobnih automobila i dr. sredstava za osobni prijevoz","l10n_hr_coa_rrif_2022.l10n_hr_coa_rrif_2022"
"hr_group_433","433","hr_group_43","Amortizacija objekata i opreme uprave i prodaje","l10n_hr_coa_rrif_2022.l10n_hr_coa_rrif_2022"
"hr_group_434","434","hr_group_43","Povećana amortizacija s temelja revalorizacije","l10n_hr_coa_rrif_2022.l10n_hr_coa_rrif_2022"
"hr_group_435","435","hr_group_43","Amortizacija biološke imovine (vinogradi, voćnjaci, osnovno stado i sl.)","l10n_hr_coa_rrif_2022.l10n_hr_coa_rrif_2022"
"hr_group_436","436","hr_group_43","Amortizacija iznad porezno dopuštene","l10n_hr_coa_rrif_2022.l10n_hr_coa_rrif_2022"
"hr_group_44","44","hr_group_4","VRIJEDNOSNO USKLAĐENJE DUGOTRAJNE I KRATKOTRAJNE IMOVINE","l10n_hr_coa_rrif_2022.l10n_hr_coa_rrif_2022"
"hr_group_440","440","hr_group_44","Vrijednosno usklađenje dugotrajne nematerijalne imovine (018)","l10n_hr_coa_rrif_2022.l10n_hr_coa_rrif_2022"
"hr_group_441","441","hr_group_44","Vrijednosno usklađenje dugotrajne materijalne imovine","l10n_hr_coa_rrif_2022.l10n_hr_coa_rrif_2022"
"hr_group_442","442","hr_group_44","Vrijednosno usklađenje dugotrajnih potraživanja (veza sa 078)","l10n_hr_coa_rrif_2022.l10n_hr_coa_rrif_2022"
"hr_group_444","444","hr_group_44","Vrijednosno usklađenje depozita u bankama, mjenica, čekova i sl. (109 i dio 119)","l10n_hr_coa_rrif_2022.l10n_hr_coa_rrif_2022"
"hr_group_445","445","hr_group_44","Vrijednosno usklađenje kratkotrajnih potraživanja","l10n_hr_coa_rrif_2022.l10n_hr_coa_rrif_2022"
"hr_group_446","446","hr_group_44","Vrijednosno usklađenje zaliha (veza s 319, 329, 359 i 369)","l10n_hr_coa_rrif_2022.l10n_hr_coa_rrif_2022"
"hr_group_447","447","hr_group_44","Vrijednosno usklađenje danih predujmova (veza s 379)","l10n_hr_coa_rrif_2022.l10n_hr_coa_rrif_2022"
"hr_group_448","448","hr_group_44","Vrijednosno usklađenje potraživanja iz predstečajne nagodbe","l10n_hr_coa_rrif_2022.l10n_hr_coa_rrif_2022"
"hr_group_449","449","hr_group_44","Otpis zaliha materijala","l10n_hr_coa_rrif_2022.l10n_hr_coa_rrif_2022"
"hr_group_45","45","hr_group_4","REZERVIRANJA (V. skupinu 28)","l10n_hr_coa_rrif_2022.l10n_hr_coa_rrif_2022"
"hr_group_450","450","hr_group_45","Troškovi dugoročnog rezerviranja za mirovine, otpremnine i sl. obveze (čl. 11. st. 2. ZoPD-a)","l10n_hr_coa_rrif_2022.l10n_hr_coa_rrif_2022"
"hr_group_451","451","hr_group_45","Rezerviranja za porezne obveze","l10n_hr_coa_rrif_2022.l10n_hr_coa_rrif_2022"
"hr_group_452","452","hr_group_45","Troškovi dugoročnog rezerviranja za gubitke po započetim sudskim sporovima (čl. 11. st. 2. ZoPD-a)","l10n_hr_coa_rrif_2022.l10n_hr_coa_rrif_2022"
"hr_group_453","453","hr_group_45","Troškovi dugoročnog rezerviranja za obnovu prirodnog bogatstva (čl. 11. st. 2. ZoPD-a)","l10n_hr_coa_rrif_2022.l10n_hr_coa_rrif_2022"
"hr_group_454","454","hr_group_45","Troškovi dugoročnog rezerviranja za rizike u jamstvenom (garancijskom) roku (čl. 11. st. 2. ZoPD-a)","l10n_hr_coa_rrif_2022.l10n_hr_coa_rrif_2022"
"hr_group_455","455","hr_group_45","Troškovi dugoročnog rezerviranja za restrukturiranje poduzeća (MRS 37, t. 72. i HSFI t. 16.22)","l10n_hr_coa_rrif_2022.l10n_hr_coa_rrif_2022"
"hr_group_456","456","hr_group_45","Troškovi rezerviranja po štetnim ugovorima (HSFI 16.21.)","l10n_hr_coa_rrif_2022.l10n_hr_coa_rrif_2022"
"hr_group_457","457","hr_group_45","Troškovi ostalih dugoročnih rezerviranja i troškovi rizika","l10n_hr_coa_rrif_2022.l10n_hr_coa_rrif_2022"
"hr_group_46","46","hr_group_4","OSTALI TROŠKOVI POSLOVANJA","l10n_hr_coa_rrif_2022.l10n_hr_coa_rrif_2022"
"hr_group_460","460","hr_group_46","Dnevnice za službena putovanja i putni troškovi","l10n_hr_coa_rrif_2022.l10n_hr_coa_rrif_2022"
"hr_group_461","461","hr_group_46","Nadoknade troškova, dodatci i stipendije","l10n_hr_coa_rrif_2022.l10n_hr_coa_rrif_2022"
"hr_group_462","462","hr_group_46","Otpremnine, darovi, nagrade za radne rezultate, potpore, premije osiguranja i jubilarne nagrade","l10n_hr_coa_rrif_2022.l10n_hr_coa_rrif_2022"
"hr_group_463","463","hr_group_46","Troškovi reprezentacije i promidžbe (interne)","l10n_hr_coa_rrif_2022.l10n_hr_coa_rrif_2022"
"hr_group_464","464","hr_group_46","Premije osiguranja","l10n_hr_coa_rrif_2022.l10n_hr_coa_rrif_2022"
"hr_group_465","465","hr_group_46","Bankovne usluge i troškovi platnog prometa","l10n_hr_coa_rrif_2022.l10n_hr_coa_rrif_2022"
"hr_group_466","466","hr_group_46","Članarine, nadoknade i slična davanja","l10n_hr_coa_rrif_2022.l10n_hr_coa_rrif_2022"
"hr_group_467","467","hr_group_46","Porezi koji ne ovise o dobitku i pristojbe","l10n_hr_coa_rrif_2022.l10n_hr_coa_rrif_2022"
"hr_group_468","468","hr_group_46","Troškovi prava korištenja (osim najmova) i troškovi članova uprave","l10n_hr_coa_rrif_2022.l10n_hr_coa_rrif_2022"
"hr_group_469","469","hr_group_46","Ostali troškovi poslovanja - nematerijalni","l10n_hr_coa_rrif_2022.l10n_hr_coa_rrif_2022"
"hr_group_47","47","hr_group_4","FINANCIJSKI RASHODI","l10n_hr_coa_rrif_2022.l10n_hr_coa_rrif_2022"
"hr_group_470","470","hr_group_47","Kamate s poduzetnicima unutar grupe","l10n_hr_coa_rrif_2022.l10n_hr_coa_rrif_2022"
"hr_group_471","471","hr_group_47","Tečajne razlike i drugi rashodi s poduzetnicima unutar grupe","l10n_hr_coa_rrif_2022.l10n_hr_coa_rrif_2022"
"hr_group_472","472","hr_group_47","Ostali troškovi s poduzetnicima unutar grupe","l10n_hr_coa_rrif_2022.l10n_hr_coa_rrif_2022"
"hr_group_473","473","hr_group_47","Kamate iz odnosa s nepovezanim poduzetnicima","l10n_hr_coa_rrif_2022.l10n_hr_coa_rrif_2022"
"hr_group_474","474","hr_group_47","Zatezne kamate","l10n_hr_coa_rrif_2022.l10n_hr_coa_rrif_2022"
"hr_group_475","475","hr_group_47","Tečajne razlike iz odnosa s nepovezanim poduzetnicima","l10n_hr_coa_rrif_2022.l10n_hr_coa_rrif_2022"
"hr_group_476","476","hr_group_47","Gubitci iz ulaganja u dionice, udjele, obveznice i dr. vrijednosne papire (koji su prodani ispod troška nabave - čl. 10. ZoPD)","l10n_hr_coa_rrif_2022.l10n_hr_coa_rrif_2022"
"hr_group_477","477","hr_group_47","Troškovi diskonta i nagodbi","l10n_hr_coa_rrif_2022.l10n_hr_coa_rrif_2022"
"hr_group_478","478","hr_group_47","Nerealizirani gubitci (rashodi) od financ. imovine","l10n_hr_coa_rrif_2022.l10n_hr_coa_rrif_2022"
"hr_group_479","479","hr_group_47","Ostali financijski troškovi","l10n_hr_coa_rrif_2022.l10n_hr_coa_rrif_2022"
"hr_group_48","48","hr_group_4","OSTALI POSLOVNI RASHODI","l10n_hr_coa_rrif_2022.l10n_hr_coa_rrif_2022"
"hr_group_480","480","hr_group_48","Trošak naknadnih popusta, sniženja, reklamacija i troškovi uzoraka","l10n_hr_coa_rrif_2022.l10n_hr_coa_rrif_2022"
"hr_group_481","481","hr_group_48","Otpisi vrijednosno neusklađenih potraživanja","l10n_hr_coa_rrif_2022.l10n_hr_coa_rrif_2022"
"hr_group_482","482","hr_group_48","Rashodi - otpisi nematerijalne i materijalne imovine","l10n_hr_coa_rrif_2022.l10n_hr_coa_rrif_2022"
"hr_group_483","483","hr_group_48","Manjkovi i provalne krađe na zalihama i drugim sredstvima","l10n_hr_coa_rrif_2022.l10n_hr_coa_rrif_2022"
"hr_group_484","484","hr_group_48","Kazne, penali, nadoknade šteta i troškovi iz ugovora","l10n_hr_coa_rrif_2022.l10n_hr_coa_rrif_2022"
"hr_group_485","485","hr_group_48","Naknadno utvrđeni troškovi poslovanja","l10n_hr_coa_rrif_2022.l10n_hr_coa_rrif_2022"
"hr_group_486","486","hr_group_48","Darovanje do 2% od ukupnog prihoda","l10n_hr_coa_rrif_2022.l10n_hr_coa_rrif_2022"
"hr_group_487","487","hr_group_48","Darovanja iznad 2% od UP i dr. darovanja","l10n_hr_coa_rrif_2022.l10n_hr_coa_rrif_2022"
"hr_group_488","488","hr_group_48","Troškovi iz drugih aktivnosti (izvan osnovne djelatnosti)","l10n_hr_coa_rrif_2022.l10n_hr_coa_rrif_2022"
"hr_group_489","489","hr_group_48","Ostali troškovi - rashodi","l10n_hr_coa_rrif_2022.l10n_hr_coa_rrif_2022"
"hr_group_49","49","hr_group_4","RASPORED TROŠKOVA","l10n_hr_coa_rrif_2022.l10n_hr_coa_rrif_2022"
"hr_group_490","490","hr_group_49","Raspored troškova za obračun proizvoda i usluga (prema HSFI 10 i MRS-u 2 i MRS-u 11) - uskladištivi troškovi (na račune 60, 62 i 63)","l10n_hr_coa_rrif_2022.l10n_hr_coa_rrif_2022"
"hr_group_491","491","hr_group_49","Raspored troškova za pokriće upravnih, administrativnih, prodajnih i drugih troškova (na račune 70 i 71)","l10n_hr_coa_rrif_2022.l10n_hr_coa_rrif_2022"
"hr_group_6","6",,"PROIZVODNJA, BIOLOŠKA IMOVINA, GOTOVI PROIZVODI, ROBA I DUGOTRAJNA IMOVINA NAMIJENJENA PRODAJI","l10n_hr_coa_rrif_2022.l10n_hr_coa_rrif_2022"
"hr_group_60","60","hr_group_6","PROIZVODNJA - TROŠKOVI KONVERZIJE","l10n_hr_coa_rrif_2022.l10n_hr_coa_rrif_2022"
"hr_group_600","600","hr_group_60","Proizvodnja u tijeku (razrada po serijama, nositeljima troškova, mjestima, pogonima, gradilištima, objektima, radnim nalozima i sl.)","l10n_hr_coa_rrif_2022.l10n_hr_coa_rrif_2022"
"hr_group_601","601","hr_group_60","Vrijednost usluga (u tijeku ili nedovršenih na datum bilance - MRS 2, t. 16.)","l10n_hr_coa_rrif_2022.l10n_hr_coa_rrif_2022"
"hr_group_602","602","hr_group_60","Vanjska proizvodnja (kooperacija i dr.)","l10n_hr_coa_rrif_2022.l10n_hr_coa_rrif_2022"
"hr_group_605","605","hr_group_60","Proizvodnja u slobodnoj zoni","l10n_hr_coa_rrif_2022.l10n_hr_coa_rrif_2022"
"hr_group_606","606","hr_group_60","Proizvodnja u doradi i manipulaciji","l10n_hr_coa_rrif_2022.l10n_hr_coa_rrif_2022"
"hr_group_607","607","hr_group_60","Obustavljena proizvodnja","l10n_hr_coa_rrif_2022.l10n_hr_coa_rrif_2022"
"hr_group_608","608","hr_group_60","Proizvodnja u tijeku iz ortačkog ugovora","l10n_hr_coa_rrif_2022.l10n_hr_coa_rrif_2022"
"hr_group_609","609","hr_group_60","Vrijednosno usklađivanje proizvodnje - usluga","l10n_hr_coa_rrif_2022.l10n_hr_coa_rrif_2022"
"hr_group_61","61","hr_group_6","NEDOVRŠENI PROIZVODI I POLUPROIZVODI","l10n_hr_coa_rrif_2022.l10n_hr_coa_rrif_2022"
"hr_group_610","610","hr_group_61","Zalihe poluproizvoda (analitika prema osnovnim skupinama ili po stupnju dovršenosti)","l10n_hr_coa_rrif_2022.l10n_hr_coa_rrif_2022"
"hr_group_611","611","hr_group_61","Nedovršeni proizvodi i poluproizvodi (analitika po vrstama proizvoda)","l10n_hr_coa_rrif_2022.l10n_hr_coa_rrif_2022"
"hr_group_619","619","hr_group_61","Vrijednosno usklađivanje nedovršenih proizvoda i poluproizvoda","l10n_hr_coa_rrif_2022.l10n_hr_coa_rrif_2022"
"hr_group_62","62","hr_group_6","BIOLOŠKA IMOVINA","l10n_hr_coa_rrif_2022.l10n_hr_coa_rrif_2022"
"hr_group_620","620","hr_group_62","Zalihe biološke proizvodnje u toku","l10n_hr_coa_rrif_2022.l10n_hr_coa_rrif_2022"
"hr_group_621","621","hr_group_62","Zaliha biološke imovine za prodaju","l10n_hr_coa_rrif_2022.l10n_hr_coa_rrif_2022"
"hr_group_629","629","hr_group_62","Vrijednosno usklađivanje biološke imovine","l10n_hr_coa_rrif_2022.l10n_hr_coa_rrif_2022"
"hr_group_63","63","hr_group_6","ZALIHE GOTOVIH PROIZVODA","l10n_hr_coa_rrif_2022.l10n_hr_coa_rrif_2022"
"hr_group_630","630","hr_group_63","Gotovi proizvodi na skladištu (razrada za svako skladište a unutar toga po skupinama, tipovima, vrstama i sl. te poljoprivredni gotovi proizvodi)","l10n_hr_coa_rrif_2022.l10n_hr_coa_rrif_2022"
"hr_group_631","631","hr_group_63","Gotovi proizvodi u javnom skladištu, silosu i dr.","l10n_hr_coa_rrif_2022.l10n_hr_coa_rrif_2022"
"hr_group_632","632","hr_group_63","Gotovi proizvodi dani u komisijsku prodaju","l10n_hr_coa_rrif_2022.l10n_hr_coa_rrif_2022"
"hr_group_633","633","hr_group_63","Gotovi proizvodi dani u konsignacijsku prodaju","l10n_hr_coa_rrif_2022.l10n_hr_coa_rrif_2022"
"hr_group_634","634","hr_group_63","Gotovi proizvodi u doradi, obradi i manipulaciji","l10n_hr_coa_rrif_2022.l10n_hr_coa_rrif_2022"
"hr_group_635","635","hr_group_63","Gotovi proizvodi u slobodnoj zoni","l10n_hr_coa_rrif_2022.l10n_hr_coa_rrif_2022"
"hr_group_636","636","hr_group_63","Zalihe nekurentnih proizvoda i otpadaka","l10n_hr_coa_rrif_2022.l10n_hr_coa_rrif_2022"
"hr_group_637","637","hr_group_63","Gotovi proizvodi u izložbenim prostorima","l10n_hr_coa_rrif_2022.l10n_hr_coa_rrif_2022"
"hr_group_638","638","hr_group_63","Gotovi proizvodi iz ortaštava","l10n_hr_coa_rrif_2022.l10n_hr_coa_rrif_2022"
"hr_group_639","639","hr_group_63","Vrijednosno usklađivanje zaliha gotovih proizvoda","l10n_hr_coa_rrif_2022.l10n_hr_coa_rrif_2022"
"hr_group_64","64","hr_group_6","GOTOVI PROIZVODI U VLASTITIM PRODAVAONICAMA","l10n_hr_coa_rrif_2022.l10n_hr_coa_rrif_2022"
"hr_group_640","640","hr_group_64","Gotovi proizvodi u prodaji u vlastitim prodavaonicama (analitika po prodavaonicama)","l10n_hr_coa_rrif_2022.l10n_hr_coa_rrif_2022"
"hr_group_641","641","hr_group_64","Uračunani PDV u vrijednosti proizvoda","l10n_hr_coa_rrif_2022.l10n_hr_coa_rrif_2022"
"hr_group_648","648","hr_group_64","Uračunana marža u prodajnoj cijeni gotovih proizvoda","l10n_hr_coa_rrif_2022.l10n_hr_coa_rrif_2022"
"hr_group_649","649","hr_group_64","Vrijednosno usklađivanje gotovih proizvoda u prodavaonicama","l10n_hr_coa_rrif_2022.l10n_hr_coa_rrif_2022"
"hr_group_65","65","hr_group_6","OBRAČUN TROŠKOVA NABAVE ROBE - TROŠKOVI KUPNJE","l10n_hr_coa_rrif_2022.l10n_hr_coa_rrif_2022"
"hr_group_650","650","hr_group_65","Kupovna cijena robe od dobavljača","l10n_hr_coa_rrif_2022.l10n_hr_coa_rrif_2022"
"hr_group_651","651","hr_group_65","Ostali troškovi nabave u svezi s dovođenjem robe na zalihu","l10n_hr_coa_rrif_2022.l10n_hr_coa_rrif_2022"
"hr_group_652","652","hr_group_65","Carina i druge uvozne pristojbe za robu","l10n_hr_coa_rrif_2022.l10n_hr_coa_rrif_2022"
"hr_group_653","653","hr_group_65","Posebni porezi i trošarine (analitika)","l10n_hr_coa_rrif_2022.l10n_hr_coa_rrif_2022"
"hr_group_659","659","hr_group_65","Obračun nabave - trošak kupnje","l10n_hr_coa_rrif_2022.l10n_hr_coa_rrif_2022"
"hr_group_66","66","hr_group_6","ROBA","l10n_hr_coa_rrif_2022.l10n_hr_coa_rrif_2022"
"hr_group_660","660","hr_group_66","Roba u skladištu","l10n_hr_coa_rrif_2022.l10n_hr_coa_rrif_2022"
"hr_group_661","661","hr_group_66","Roba u tuđem skladištu i izlozima","l10n_hr_coa_rrif_2022.l10n_hr_coa_rrif_2022"
"hr_group_662","662","hr_group_66","Roba dana u komisijsku ili konsignacijsku prodaju","l10n_hr_coa_rrif_2022.l10n_hr_coa_rrif_2022"
"hr_group_663","663","hr_group_66","Roba u prodavaonicama","l10n_hr_coa_rrif_2022.l10n_hr_coa_rrif_2022"
"hr_group_664","664","hr_group_66","Uračunani porezi u robi","l10n_hr_coa_rrif_2022.l10n_hr_coa_rrif_2022"
"hr_group_665","665","hr_group_66","Roba u poreznom skladištu ili u slobodnoj zoni","l10n_hr_coa_rrif_2022.l10n_hr_coa_rrif_2022"
"hr_group_666","666","hr_group_66","Roba u doradi, obradi i manipulaciji","l10n_hr_coa_rrif_2022.l10n_hr_coa_rrif_2022"
"hr_group_667","667","hr_group_66","Roba na putu","l10n_hr_coa_rrif_2022.l10n_hr_coa_rrif_2022"
"hr_group_668","668","hr_group_66","Uračunana razlika u cijeni robe","l10n_hr_coa_rrif_2022.l10n_hr_coa_rrif_2022"
"hr_group_669","669","hr_group_66","Vrijednosno usklađivanje zaliha robe","l10n_hr_coa_rrif_2022.l10n_hr_coa_rrif_2022"
"hr_group_67","67","hr_group_6","PREDUJMOVI ZA NABAVU ROBE","l10n_hr_coa_rrif_2022.l10n_hr_coa_rrif_2022"
"hr_group_670","670","hr_group_67","Dani predujmovi za nabavu robe","l10n_hr_coa_rrif_2022.l10n_hr_coa_rrif_2022"
"hr_group_671","671","hr_group_67","Dani predujmovi uvozniku za nabavu robe","l10n_hr_coa_rrif_2022.l10n_hr_coa_rrif_2022"
"hr_group_672","672","hr_group_67","Dani predujmovi za robu povezanom društvu","l10n_hr_coa_rrif_2022.l10n_hr_coa_rrif_2022"
"hr_group_673","673","hr_group_67","Dani predujmovi za nabavu bioloških proizvoda","l10n_hr_coa_rrif_2022.l10n_hr_coa_rrif_2022"
"hr_group_679","679","hr_group_67","Vrijednosno usklađenje danih predujmova za robu","l10n_hr_coa_rrif_2022.l10n_hr_coa_rrif_2022"
"hr_group_68","68","hr_group_6","NEKRETNINE I UMJETNINE ZA TRGOVANJE","l10n_hr_coa_rrif_2022.l10n_hr_coa_rrif_2022"
"hr_group_680","680","hr_group_68","Nabavna vrijednost nekretnina za preprodaju (s porezom na promet)","l10n_hr_coa_rrif_2022.l10n_hr_coa_rrif_2022"
"hr_group_681","681","hr_group_68","Troškovi dodatnog uređenja - dorade","l10n_hr_coa_rrif_2022.l10n_hr_coa_rrif_2022"
"hr_group_682","682","hr_group_68","Umjetnine u prodaji","l10n_hr_coa_rrif_2022.l10n_hr_coa_rrif_2022"
"hr_group_683","683","hr_group_68","Nekretnine za prodaju (uređene)","l10n_hr_coa_rrif_2022.l10n_hr_coa_rrif_2022"
"hr_group_684","684","hr_group_68","Oldtimeri za trgovanje","l10n_hr_coa_rrif_2022.l10n_hr_coa_rrif_2022"
"hr_group_685","685","hr_group_68","Uračunani PDV u umjetninama i oldtimerima","l10n_hr_coa_rrif_2022.l10n_hr_coa_rrif_2022"
"hr_group_687","687","hr_group_68","Predujmovi za kupnju nekretnina i sl. radi daljnje prodaje","l10n_hr_coa_rrif_2022.l10n_hr_coa_rrif_2022"
"hr_group_688","688","hr_group_68","Uračunana razlika u cijeni nekretnina i umjetnina za daljnju prodaju","l10n_hr_coa_rrif_2022.l10n_hr_coa_rrif_2022"
"hr_group_689","689","hr_group_68","Vrijednosno usklađivanje nekretnina i umjetnina i sl u prometu i predujmova","l10n_hr_coa_rrif_2022.l10n_hr_coa_rrif_2022"
"hr_group_69","69","hr_group_6","DUGOTRAJNA IMOVINA NAMIJENJENA PRODAJI","l10n_hr_coa_rrif_2022.l10n_hr_coa_rrif_2022"
"hr_group_690","690","hr_group_69","Nematerijalna imovina namijenjena prodaji","l10n_hr_coa_rrif_2022.l10n_hr_coa_rrif_2022"
"hr_group_691","691","hr_group_69","Materijalna imovina namijenjena za prodaju","l10n_hr_coa_rrif_2022.l10n_hr_coa_rrif_2022"
"hr_group_699","699","hr_group_69","Vrijednosno usklađenje dugotrajne imovine namijenjena prodaji","l10n_hr_coa_rrif_2022.l10n_hr_coa_rrif_2022"
"hr_group_7","7",,"POKRIĆE RASHODA I PRIHODI RAZDOBLJA","l10n_hr_coa_rrif_2022.l10n_hr_coa_rrif_2022"
"hr_group_70","70","hr_group_7","TROŠKOVI PRODANIH ZALIHA PROIZVODA I USLUGA","l10n_hr_coa_rrif_2022.l10n_hr_coa_rrif_2022"
"hr_group_700","700","hr_group_70","Trošak zaliha prodanih proizvoda (60, 62, 63 i 64)","l10n_hr_coa_rrif_2022.l10n_hr_coa_rrif_2022"
"hr_group_701","701","hr_group_70","Troškovi realiziranih usluga (490 i 601)","l10n_hr_coa_rrif_2022.l10n_hr_coa_rrif_2022"
"hr_group_702","702","hr_group_70","Troškovi neiskorištenog kapaciteta (HSFI t. 10.18. i MRS 2 t. 13)","l10n_hr_coa_rrif_2022.l10n_hr_coa_rrif_2022"
"hr_group_703","703","hr_group_70","Troškovi zaliha materijala i otpadaka (31, 32, 35 i 36)","l10n_hr_coa_rrif_2022.l10n_hr_coa_rrif_2022"
"hr_group_704","704","hr_group_70","Rashodi zaliha proizvodnje (HSFI 10 i MRS 2)","l10n_hr_coa_rrif_2022.l10n_hr_coa_rrif_2022"
"hr_group_705","705","hr_group_70","Greškom neiskazani rashodi proteklih razdoblja","l10n_hr_coa_rrif_2022.l10n_hr_coa_rrif_2022"
"hr_group_706","706","hr_group_70","Gubitci iz ugovora o izgradnji (MRS 11, t. 36.)","l10n_hr_coa_rrif_2022.l10n_hr_coa_rrif_2022"
"hr_group_707","707","hr_group_70","Troškovi iz ugovora o ortaštvu","l10n_hr_coa_rrif_2022.l10n_hr_coa_rrif_2022"
"hr_group_708","708","hr_group_70","Troškovi vrijednosnog usklađenja proizvodnje u tijeku (609), poluproizvoda (629) i zaliha gotovih proizvoda (639 i 649)","l10n_hr_coa_rrif_2022.l10n_hr_coa_rrif_2022"
"hr_group_71","71","hr_group_7","TROŠKOVI PRODANE ROBE","l10n_hr_coa_rrif_2022.l10n_hr_coa_rrif_2022"
"hr_group_710","710","hr_group_71","Nabavna vrijednost prodane robe","l10n_hr_coa_rrif_2022.l10n_hr_coa_rrif_2022"
"hr_group_711","711","hr_group_71","Nabavna vrijednost prodanih nekretnina i umjetnina","l10n_hr_coa_rrif_2022.l10n_hr_coa_rrif_2022"
"hr_group_712","712","hr_group_71","Troškovi dugotr. imov. namijenjeni prodaji (neto)","l10n_hr_coa_rrif_2022.l10n_hr_coa_rrif_2022"
"hr_group_713","713","hr_group_71","Troškovi kala, rastepa, kvara i loma na robi i otpisi robe","l10n_hr_coa_rrif_2022.l10n_hr_coa_rrif_2022"
"hr_group_714","714","hr_group_71","Troškovi zamjene robe u jamstvenom roku","l10n_hr_coa_rrif_2022.l10n_hr_coa_rrif_2022"
"hr_group_715","715","hr_group_71","Pogreškom neiskazani rashodi prodane robe u proteklim razdobljima u trgovini","l10n_hr_coa_rrif_2022.l10n_hr_coa_rrif_2022"
"hr_group_718","718","hr_group_71","Troškovi vrijednosnog usklađenja trgovačke robe i predujmova (669, 679, 689)","l10n_hr_coa_rrif_2022.l10n_hr_coa_rrif_2022"
"hr_group_719","719","hr_group_71","Troškovi vrijednosnog usklađenja dugotrajne imovine namijenjene prodaji (699)","l10n_hr_coa_rrif_2022.l10n_hr_coa_rrif_2022"
"hr_group_72","72","hr_group_7","TROŠKOVI UPRAVE, ADMINISTRACIJE I OSTALI RASHODI","l10n_hr_coa_rrif_2022.l10n_hr_coa_rrif_2022"
"hr_group_720","720","hr_group_72","Troškovi uprave, prodaje, administracije (491)","l10n_hr_coa_rrif_2022.l10n_hr_coa_rrif_2022"
"hr_group_721","721","hr_group_72","Ostali poslovni rashodi - nespomenuti","l10n_hr_coa_rrif_2022.l10n_hr_coa_rrif_2022"
"hr_group_73","73","hr_group_7","OSTALI POSLOVNI RASHODI","l10n_hr_coa_rrif_2022.l10n_hr_coa_rrif_2022"
"hr_group_730","730","hr_group_73","Rashodi od prodaje dugotrajne imovine (HSFI 8 t. 8.35.)","l10n_hr_coa_rrif_2022.l10n_hr_coa_rrif_2022"
"hr_group_731","731","hr_group_73","Otpisi od otuđenja imovine koji su nastali neočekivano i u visokoj vrijednosti (HSFI 4 t. 4.7. i MRS 10, t. 9.)","l10n_hr_coa_rrif_2022.l10n_hr_coa_rrif_2022"
"hr_group_732","732","hr_group_73","Gubitci zbog izvlaštenja ili zbog prirodnih katastrofa na važnom dijelu imovine","l10n_hr_coa_rrif_2022.l10n_hr_coa_rrif_2022"
"hr_group_733","733","hr_group_73","Rashodi iz ostalih rijetkih i neobičnih događaja ili transakcija","l10n_hr_coa_rrif_2022.l10n_hr_coa_rrif_2022"
"hr_group_734","734","hr_group_73","Izvanredne kazne, penali, odštete, naknadno utvrđ. obveze i sl.","l10n_hr_coa_rrif_2022.l10n_hr_coa_rrif_2022"
"hr_group_735","735","hr_group_73","Nerealizirani gubitci","l10n_hr_coa_rrif_2022.l10n_hr_coa_rrif_2022"
"hr_group_736","736","hr_group_73","Troškovi vraćene robe prodane u prethodnim god.","l10n_hr_coa_rrif_2022.l10n_hr_coa_rrif_2022"
"hr_group_737","737","hr_group_73","Gubitci od procjene biološke imovine","l10n_hr_coa_rrif_2022.l10n_hr_coa_rrif_2022"
"hr_group_738","738","hr_group_73","Gubitci od procjene poljoprivrednih proizvoda","l10n_hr_coa_rrif_2022.l10n_hr_coa_rrif_2022"
"hr_group_74","74","hr_group_7","UDIO U DOBITKU I GUBITKU DRUŠTAVA POVEZANIH SUDJELUJUĆIM INTERESOM I OD ZAJEDNIČKIH POTHVATA","l10n_hr_coa_rrif_2022.l10n_hr_coa_rrif_2022"
"hr_group_740","740","hr_group_74","Udio u dobitku društava povezanih sudjelujućim interesom i od zajedničkih pothvata","l10n_hr_coa_rrif_2022.l10n_hr_coa_rrif_2022"
"hr_group_745","745","hr_group_74","Udio u gubitku od društava povezanih sudjelujućim interesom i od zajedničkih pothvata","l10n_hr_coa_rrif_2022.l10n_hr_coa_rrif_2022"
"hr_group_75","75","hr_group_7","PRIHODI OD PRODAJE PROIZVODA I USLUGA","l10n_hr_coa_rrif_2022.l10n_hr_coa_rrif_2022"
"hr_group_750","750","hr_group_75","Prihodi od prodaje proizvoda (analitika po proizvodima ili profitnim centrima)","l10n_hr_coa_rrif_2022.l10n_hr_coa_rrif_2022"
"hr_group_751","751","hr_group_75","Prihodi od prodaje usluga","l10n_hr_coa_rrif_2022.l10n_hr_coa_rrif_2022"
"hr_group_752","752","hr_group_75","Prihodi od graditeljskih usluga - iz ugovora o izgradnji (građevina)","l10n_hr_coa_rrif_2022.l10n_hr_coa_rrif_2022"
"hr_group_753","753","hr_group_75","Prihodi od prodaje dobara u inozemstvo","l10n_hr_coa_rrif_2022.l10n_hr_coa_rrif_2022"
"hr_group_754","754","hr_group_75","Prihodi od prodaje usluga u inozemstvo","l10n_hr_coa_rrif_2022.l10n_hr_coa_rrif_2022"
"hr_group_755","755","hr_group_75","Prihodi s osnove upotrebe proizvoda i usluga za vlastite potrebe","l10n_hr_coa_rrif_2022.l10n_hr_coa_rrif_2022"
"hr_group_756","756","hr_group_75","Prihodi od zakupa i najmova","l10n_hr_coa_rrif_2022.l10n_hr_coa_rrif_2022"
"hr_group_757","757","hr_group_75","Prihodi iz ortaštva","l10n_hr_coa_rrif_2022.l10n_hr_coa_rrif_2022"
"hr_group_758","758","hr_group_75","Ostali prihodi od ostale prodaje","l10n_hr_coa_rrif_2022.l10n_hr_coa_rrif_2022"
"hr_group_759","759","hr_group_75","Prihodi od prodaje proizvoda i usluga poduzetnicima unutar grupe","l10n_hr_coa_rrif_2022.l10n_hr_coa_rrif_2022"
"hr_group_76","76","hr_group_7","PRIHODI OD PRODAJE TRGOVAČKE ROBE","l10n_hr_coa_rrif_2022.l10n_hr_coa_rrif_2022"
"hr_group_760","760","hr_group_76","Prihodi od prodaje robe","l10n_hr_coa_rrif_2022.l10n_hr_coa_rrif_2022"
"hr_group_761","761","hr_group_76","Prihodi od prodaje robe u inozemstvu","l10n_hr_coa_rrif_2022.l10n_hr_coa_rrif_2022"
"hr_group_762","762","hr_group_76","Prihodi od trgovačkih usluga","l10n_hr_coa_rrif_2022.l10n_hr_coa_rrif_2022"
"hr_group_763","763","hr_group_76","Prihodi od prodaje nekurentne robe (robe u kvaru, oštećenju, demodirana i sl.)","l10n_hr_coa_rrif_2022.l10n_hr_coa_rrif_2022"
"hr_group_764","764","hr_group_76","Prihodi od prodaje robe na robni kredit","l10n_hr_coa_rrif_2022.l10n_hr_coa_rrif_2022"
"hr_group_765","765","hr_group_76","Prihodi s osnove upotrebe robe za vlastite potrebe","l10n_hr_coa_rrif_2022.l10n_hr_coa_rrif_2022"
"hr_group_766","766","hr_group_76","Prihodi od prodane robe u financijski lizing (najam)","l10n_hr_coa_rrif_2022.l10n_hr_coa_rrif_2022"
"hr_group_767","767","hr_group_76","Prihodi od preprodaje nekretnina i umjetnina","l10n_hr_coa_rrif_2022.l10n_hr_coa_rrif_2022"
"hr_group_768","768","hr_group_76","Ostali prihodi od prodaje roba i trgovačkih usluga","l10n_hr_coa_rrif_2022.l10n_hr_coa_rrif_2022"
"hr_group_769","769","hr_group_76","Prihodi od prodaje trgovačke robe poduzetnicima unutar grupe","l10n_hr_coa_rrif_2022.l10n_hr_coa_rrif_2022"
"hr_group_77","77","hr_group_7","FINANCIJSKI PRIHODI","l10n_hr_coa_rrif_2022.l10n_hr_coa_rrif_2022"
"hr_group_770","770","hr_group_77","Prihodi od ulaganja u udjele (dionice) i ostala financijska ulaganja poduzetnika unutar grupe, prihodi od kamata, tečajnih razlika i ostali financijski prihodi s poduzetnicima unutar grupe","l10n_hr_coa_rrif_2022.l10n_hr_coa_rrif_2022"
"hr_group_771","771","hr_group_77","Prihodi od kamata","l10n_hr_coa_rrif_2022.l10n_hr_coa_rrif_2022"
"hr_group_772","772","hr_group_77","Prihodi od tečajnih razlika i ostali prihodi","l10n_hr_coa_rrif_2022.l10n_hr_coa_rrif_2022"
"hr_group_773","773","hr_group_77","Prihodi od dividende i dobitaka iz udjela","l10n_hr_coa_rrif_2022.l10n_hr_coa_rrif_2022"
"hr_group_774","774","hr_group_77","Prihodi od ostalih dugotrajnih financijskih ulaganja i zajmova","l10n_hr_coa_rrif_2022.l10n_hr_coa_rrif_2022"
"hr_group_775","775","hr_group_77","Prihodi od ulaganja u udjele (dionice) društava povezanih sudjelujućim interesom","l10n_hr_coa_rrif_2022.l10n_hr_coa_rrif_2022"
"hr_group_776","776","hr_group_77","Nerealizirani dobitci (prihodi) od financijske imovine","l10n_hr_coa_rrif_2022.l10n_hr_coa_rrif_2022"
"hr_group_777","777","hr_group_77","Prihodi negativnog goodwilla","l10n_hr_coa_rrif_2022.l10n_hr_coa_rrif_2022"
"hr_group_778","778","hr_group_77","Prihodi od financijskih naknada","l10n_hr_coa_rrif_2022.l10n_hr_coa_rrif_2022"
"hr_group_779","779","hr_group_77","Ostali financijski prihodi","l10n_hr_coa_rrif_2022.l10n_hr_coa_rrif_2022"
"hr_group_78","78","hr_group_7","OSTALI POSLOVNI PRIHODI","l10n_hr_coa_rrif_2022.l10n_hr_coa_rrif_2022"
"hr_group_780","780","hr_group_78","Prihodi od otpisa obveza i popusta","l10n_hr_coa_rrif_2022.l10n_hr_coa_rrif_2022"
"hr_group_781","781","hr_group_78","Prihodi od rezidualnih imovinskih stavki, viškova i procjena","l10n_hr_coa_rrif_2022.l10n_hr_coa_rrif_2022"
"hr_group_782","782","hr_group_78","Prihodi od ukidanja rezerviranja i naknadno naplaćeni prihodi","l10n_hr_coa_rrif_2022.l10n_hr_coa_rrif_2022"
"hr_group_783","783","hr_group_78","Prihodi od refundacije, dotacija, subvencija i nadoknada","l10n_hr_coa_rrif_2022.l10n_hr_coa_rrif_2022"
"hr_group_784","784","hr_group_78","Prihodi od ukidanja gubitaka i revalorizacija","l10n_hr_coa_rrif_2022.l10n_hr_coa_rrif_2022"
"hr_group_785","785","hr_group_78","Ostali poslovni prihodi","l10n_hr_coa_rrif_2022.l10n_hr_coa_rrif_2022"
"hr_group_786","786","hr_group_78","Prihodi od državnih potpora (HSFI 15 i MRS 20)","l10n_hr_coa_rrif_2022.l10n_hr_coa_rrif_2022"
"hr_group_787","787","hr_group_78","Dobitci od procjene poljoprivrednih proizvoda i biološke imovine (HSFI 17, t. 17.12 i MRS 41)","l10n_hr_coa_rrif_2022.l10n_hr_coa_rrif_2022"
"hr_group_788","788","hr_group_78","Prodaja značajnog dijela imovine (poduzeća, pogona, gosp. cjeline)","l10n_hr_coa_rrif_2022.l10n_hr_coa_rrif_2022"
"hr_group_789","789","hr_group_78","Ostali prihodi (npr. veliki besplatni primitak, prihod koji nije proizašao iz redovitog poslovanja)","l10n_hr_coa_rrif_2022.l10n_hr_coa_rrif_2022"
"hr_group_79","79","hr_group_7","RAZLIKA PRIHODA I RASHODA FINANCIJSKE GODINE","l10n_hr_coa_rrif_2022.l10n_hr_coa_rrif_2022"
"hr_group_790","790","hr_group_79","Razlika prihoda i rashoda (iz cjelokupnog poslovanja)","l10n_hr_coa_rrif_2022.l10n_hr_coa_rrif_2022"
"hr_group_8","8",,"FINANCIJSKI REZULTAT POSLOVANJA","l10n_hr_coa_rrif_2022.l10n_hr_coa_rrif_2022"
"hr_group_80","80","hr_group_8","DOBITAK ILI GUBITAK RAZDOBLJA","l10n_hr_coa_rrif_2022.l10n_hr_coa_rrif_2022"
"hr_group_800","800","hr_group_80","Dobitak prije oporezivanja","l10n_hr_coa_rrif_2022.l10n_hr_coa_rrif_2022"
"hr_group_801","801","hr_group_80","Gubitak prije oporezivanja","l10n_hr_coa_rrif_2022.l10n_hr_coa_rrif_2022"
"hr_group_803","803","hr_group_80","Porez na dobitak (gubitak)","l10n_hr_coa_rrif_2022.l10n_hr_coa_rrif_2022"
"hr_group_804","804","hr_group_80","Dobitak ili gubitak razdoblja","l10n_hr_coa_rrif_2022.l10n_hr_coa_rrif_2022"
"hr_group_81","81","hr_group_8","DOBITAK ILI GUBITAK PREKINUTOG POSLOVANJA PRIJE OPOREZIVANJA (KORISTI SAMO PODUZETNIK OBVEZNIK PRIMJENE MSFI-JA KOJI IMA PREKINUTO POSLOVANJE)","l10n_hr_coa_rrif_2022.l10n_hr_coa_rrif_2022"
"hr_group_810","810","hr_group_81","Dobitak prekinutog poslovanja prije oporezivanja","l10n_hr_coa_rrif_2022.l10n_hr_coa_rrif_2022"
"hr_group_811","811","hr_group_81","Gubitak prekinutog poslovanja prije oporezivanja","l10n_hr_coa_rrif_2022.l10n_hr_coa_rrif_2022"
"hr_group_812","812","hr_group_81","Porez na dobitak (gubitak) prekinutog poslovanja","l10n_hr_coa_rrif_2022.l10n_hr_coa_rrif_2022"
"hr_group_813","813","hr_group_81","Dobit ili gubitak prekinutog poslovanja","l10n_hr_coa_rrif_2022.l10n_hr_coa_rrif_2022"
"hr_group_82","82","hr_group_8","DOBITAK ILI GUBITAK UKUPNOG POSLOVANJA PRIJE OPOREZIVANJA (KORISTI SAMO PODUZETNIK OBVEZNIK PRIMJENE MSFI-JA KOJI IMA PREKINUTO POSLOVANJE)","l10n_hr_coa_rrif_2022.l10n_hr_coa_rrif_2022"
"hr_group_820","820","hr_group_82","Dobitak prije oporezivanja","l10n_hr_coa_rrif_2022.l10n_hr_coa_rrif_2022"
"hr_group_821","821","hr_group_82","Gubitak prije oporezivanja","l10n_hr_coa_rrif_2022.l10n_hr_coa_rrif_2022"
"hr_group_822","822","hr_group_82","Porez na dobitak (gubitak)","l10n_hr_coa_rrif_2022.l10n_hr_coa_rrif_2022"
"hr_group_823","823","hr_group_82","Dobitak ili gubitak razdoblja","l10n_hr_coa_rrif_2022.l10n_hr_coa_rrif_2022"
"hr_group_83","83","hr_group_8","DOBITAK ILI GUBITAK RAZDOBLJA KOJI PRIPADA DRUGIMA","l10n_hr_coa_rrif_2022.l10n_hr_coa_rrif_2022"
"hr_group_830","830","hr_group_83","Dobitak pripisan imateljima kapitala matice","l10n_hr_coa_rrif_2022.l10n_hr_coa_rrif_2022"
"hr_group_831","831","hr_group_83","Gubitak koji tereti imatelje kapitala matice","l10n_hr_coa_rrif_2022.l10n_hr_coa_rrif_2022"
"hr_group_832","832","hr_group_83","Dobitak pripisan manjinskom interesu","l10n_hr_coa_rrif_2022.l10n_hr_coa_rrif_2022"
"hr_group_833","833","hr_group_83","Gubitak koji tereti manjinski interes","l10n_hr_coa_rrif_2022.l10n_hr_coa_rrif_2022"
"hr_group_9","9",,"KAPITAL I PRIČUVE TE IZVANBILANČNI ZAPISI","l10n_hr_coa_rrif_2022.l10n_hr_coa_rrif_2022"
"hr_group_90","90","hr_group_9","TEMELJNI - (UPISANI) KAPITAL","l10n_hr_coa_rrif_2022.l10n_hr_coa_rrif_2022"
"hr_group_900","900","hr_group_90","Upisani temeljni kapital koji je plaćen","l10n_hr_coa_rrif_2022.l10n_hr_coa_rrif_2022"
"hr_group_901","901","hr_group_90","Upisani temeljni kapital manjinskih članova","l10n_hr_coa_rrif_2022.l10n_hr_coa_rrif_2022"
"hr_group_902","902","hr_group_90","Upisani kapital koji nije plaćen","l10n_hr_coa_rrif_2022.l10n_hr_coa_rrif_2022"
"hr_group_903","903","hr_group_90","Kapital (ulozi) članova javnog trgovačkog društva","l10n_hr_coa_rrif_2022.l10n_hr_coa_rrif_2022"
"hr_group_904","904","hr_group_90","Kapital (ulozi) komanditora komanditnog društva","l10n_hr_coa_rrif_2022.l10n_hr_coa_rrif_2022"
"hr_group_905","905","hr_group_90","Državni kapital u udjelima","l10n_hr_coa_rrif_2022.l10n_hr_coa_rrif_2022"
"hr_group_906","906","hr_group_90","Kapital članova zadruge","l10n_hr_coa_rrif_2022.l10n_hr_coa_rrif_2022"
"hr_group_91","91","hr_group_9","KAPITALNE PRIČUVE","l10n_hr_coa_rrif_2022.l10n_hr_coa_rrif_2022"
"hr_group_910","910","hr_group_91","Uplaćeni udjeli - dionice iznad svote temeljnog kapitala","l10n_hr_coa_rrif_2022.l10n_hr_coa_rrif_2022"
"hr_group_911","911","hr_group_91","Kapitalne pričuve iz dodatnih uplata radi stjecanja posebnih prava u društvu (ili zamjenjivih obveznica)","l10n_hr_coa_rrif_2022.l10n_hr_coa_rrif_2022"
"hr_group_912","912","hr_group_91","Kapitalne pričuve iz uplata dodatnih činidbi","l10n_hr_coa_rrif_2022.l10n_hr_coa_rrif_2022"
"hr_group_913","913","hr_group_91","Kapitalne pričuve iz ostatka pri smanjenju temeljnog kapitala","l10n_hr_coa_rrif_2022.l10n_hr_coa_rrif_2022"
"hr_group_914","914","hr_group_91","Kapitalne pričuve iz drugih izvora","l10n_hr_coa_rrif_2022.l10n_hr_coa_rrif_2022"
"hr_group_915","915","hr_group_91","Kapitalni dobitak iz prodaje vlastitih udjela - dionica","l10n_hr_coa_rrif_2022.l10n_hr_coa_rrif_2022"
"hr_group_916","916","hr_group_91","Kapitalni dobitak na prodane emitirane dionice","l10n_hr_coa_rrif_2022.l10n_hr_coa_rrif_2022"
"hr_group_917","917","hr_group_91","Kapitalne pričuve iz ulaganja tajnog člana društva (čl. 148. ZTD-a)","l10n_hr_coa_rrif_2022.l10n_hr_coa_rrif_2022"
"hr_group_918","918","hr_group_91","Kapitalni gubitci iz vlastitih dionica i udjela","l10n_hr_coa_rrif_2022.l10n_hr_coa_rrif_2022"
"hr_group_919","919","hr_group_91","Kapital iz ulaganja obrtnika dobitaša","l10n_hr_coa_rrif_2022.l10n_hr_coa_rrif_2022"
"hr_group_92","92","hr_group_9","PRIČUVE IZ DOBITKA","l10n_hr_coa_rrif_2022.l10n_hr_coa_rrif_2022"
"hr_group_920","920","hr_group_92","Zakonske pričuve","l10n_hr_coa_rrif_2022.l10n_hr_coa_rrif_2022"
"hr_group_921","921","hr_group_92","Pričuve za vlastite dionice i udjele (čl. 233. i 406.a ZTD-a)","l10n_hr_coa_rrif_2022.l10n_hr_coa_rrif_2022"
"hr_group_922","922","hr_group_92","Vlastite dionice i udjeli (odbitna - dugovna stavka)","l10n_hr_coa_rrif_2022.l10n_hr_coa_rrif_2022"
"hr_group_923","923","hr_group_92","Statutarne pričuve","l10n_hr_coa_rrif_2022.l10n_hr_coa_rrif_2022"
"hr_group_924","924","hr_group_92","Ostale pričuve","l10n_hr_coa_rrif_2022.l10n_hr_coa_rrif_2022"
"hr_group_93","93","hr_group_9","REVALORIZACIJSKE PRIČUVE I PRIČUVE FER VRIJEDNOSTI","l10n_hr_coa_rrif_2022.l10n_hr_coa_rrif_2022"
"hr_group_930","930","hr_group_93","Revalorizacijske pričuve s osnove revalorizacije dugotrajne materijalne i nematerijalne imovine","l10n_hr_coa_rrif_2022.l10n_hr_coa_rrif_2022"
"hr_group_931","931","hr_group_93","Pričuve fer vrijednosti","l10n_hr_coa_rrif_2022.l10n_hr_coa_rrif_2022"
"hr_group_932","932","hr_group_93","Tečajne razlike iz preračuna inozemnog poslovanja","l10n_hr_coa_rrif_2022.l10n_hr_coa_rrif_2022"
"hr_group_933","933","hr_group_93","Udio u ostaloj sveobuhvatnoj dobiti/gubitku društava povezanih sudjelujućim interesom","l10n_hr_coa_rrif_2022.l10n_hr_coa_rrif_2022"
"hr_group_934","934","hr_group_93","Aktuarski dobici/gubici po planovima definiranih primanja","l10n_hr_coa_rrif_2022.l10n_hr_coa_rrif_2022"
"hr_group_935","935","hr_group_93","Ostale nevlasničke promjene kapitala","l10n_hr_coa_rrif_2022.l10n_hr_coa_rrif_2022"
"hr_group_94","94","hr_group_9","ZADRŽANI DOBITAK ILI PRENESENI GUBITAK","l10n_hr_coa_rrif_2022.l10n_hr_coa_rrif_2022"
"hr_group_940","940","hr_group_94","Zadržani dobitak (iz prethodnih godina)","l10n_hr_coa_rrif_2022.l10n_hr_coa_rrif_2022"
"hr_group_941","941","hr_group_94","Preneseni gubitak (kumuliran u prethodnim godinama - analitika po članovima)","l10n_hr_coa_rrif_2022.l10n_hr_coa_rrif_2022"
"hr_group_95","95","hr_group_9","DOBITAK ILI GUBITAK POSLOVNE GODINE","l10n_hr_coa_rrif_2022.l10n_hr_coa_rrif_2022"
"hr_group_950","950","hr_group_95","Dobitak poslovne godine","l10n_hr_coa_rrif_2022.l10n_hr_coa_rrif_2022"
"hr_group_951","951","hr_group_95","Gubitak poslovne godine (analitika po članovima)","l10n_hr_coa_rrif_2022.l10n_hr_coa_rrif_2022"
"hr_group_96","96","hr_group_9","MANJINSKI INTERES","l10n_hr_coa_rrif_2022.l10n_hr_coa_rrif_2022"
"hr_group_960","960","hr_group_96","Manjinski interes","l10n_hr_coa_rrif_2022.l10n_hr_coa_rrif_2022"
"hr_group_99","99","hr_group_9","IZVANBILANČNI ZAPISI","l10n_hr_coa_rrif_2022.l10n_hr_coa_rrif_2022"
"hr_group_990","990","hr_group_99","Imovina - materijalna u optjecaju","l10n_hr_coa_rrif_2022.l10n_hr_coa_rrif_2022"
"hr_group_991","991","hr_group_99","Prava i tražbine","l10n_hr_coa_rrif_2022.l10n_hr_coa_rrif_2022"
"hr_group_992","992","hr_group_99","Vrijednosni papiri","l10n_hr_coa_rrif_2022.l10n_hr_coa_rrif_2022"
"hr_group_993","993","hr_group_99","Vrijednosnice u manipulaciji","l10n_hr_coa_rrif_2022.l10n_hr_coa_rrif_2022"
"hr_group_994","994","hr_group_99","Obračun dobitka investicijskog pothvata","l10n_hr_coa_rrif_2022.l10n_hr_coa_rrif_2022"
"hr_group_995","995","hr_group_99","Izvori materijalne imovine","l10n_hr_coa_rrif_2022.l10n_hr_coa_rrif_2022"
"hr_group_996","996","hr_group_99","Izvori prava i obveze","l10n_hr_coa_rrif_2022.l10n_hr_coa_rrif_2022"
"hr_group_997","997","hr_group_99","Obveze za vrijednosne papire koji nisu stavljeni u optjecaj","l10n_hr_coa_rrif_2022.l10n_hr_coa_rrif_2022"
"hr_group_998","998","hr_group_99","Obveze za izdane vrijednosnice u manipulaciji","l10n_hr_coa_rrif_2022.l10n_hr_coa_rrif_2022"
"hr_group_999","999","hr_group_99","Obveze s osnove investicijskog pothvata","l10n_hr_coa_rrif_2022.l10n_hr_coa_rrif_2022"
